rater,role,image_id,company,generation_type,color_harmony_contrast,typography_readability,spatial_layout_balance,visual_hierarchy,design_consistency,message_clarity,brand_voice_consistency,cta_effectiveness,value_proposition,content_structure,navigation_intuitiveness,information_architecture,mobile_responsiveness,load_time_performance,interaction_design,conversion_potential,brand_alignment,target_audience,competitive_differentiation,market_readiness
R01,developer,img1_1,Eco Harvest,netai,4,5,5,5,4,4,4,5,4,4,5,4,4,5,5,5,4,5,5,4
R01,developer,img1_2,Eco Harvest,prompt_eng,4,3,2,2,2,3,3,2,3,3,3,2,3,2,2,3,2,2,3,2
R01,developer,img1_3,Eco Harvest,naive,2,2,2,2,2,2,2,2,1,2,2,2,2,3,3,2,3,2,3,2
R01,developer,img1_4,Quantum Logistics,prompt_eng,5,4,4,5,4,4,4,4,4,3,2,2,3,2,3,2,2,2,2,3
R01,developer,img1_5,Quantum Logistics,netai,5,4,5,5,4,5,4,4,5,4,5,4,4,5,5,5,5,5,5,5
R01,developer,img1_6,Quantum Logistics,naive,3,3,2,2,2,3,2,2,2,2,2,2,2,2,2,2,3,3,2,3
R01,developer,img1_7,Sentinel Cybershield,naive,3,4,3,4,3,3,4,3,3,4,3,3,3,3,3,4,3,3,4,3
R01,developer,img1_8,Sentinel Cybershield,prompt_eng,4,3,3,4,3,4,3,3,3,4,4,3,3,3,4,4,3,3,4,3
R01,developer,img1_9,Sentinel Cybershield,netai,5,4,5,5,4,4,5,5,5,5,5,4,5,5,5,4,5,5,4,5
R01,developer,img1_10,Wellness Horizon,netai,5,4,5,5,5,4,5,4,5,5,4,5,5,4,5,5,4,5,5,5
R01,developer,img1_11,Wellness Horizon,naive,3,2,3,2,3,3,3,4,3,3,4,3,3,4,3,4,3,4,3,3
R01,developer,img1_12,Wellness Horizon,prompt_eng,3,4,3,4,3,4,3,4,3,4,4,3,4,3,3,4,5,4,3,3
R02,business,img1_1,Eco Harvest,netai,4,4,4,3,4,4,4,3,5,4,4,4,5,4,4,3,3,4,3,4
R02,business,img1_2,Eco Harvest,prompt_eng,2,4,2,1,2,1,1,2,1,1,4,1,5,5,2,1,1,1,1,1
R02,business,img1_3,Eco Harvest,naive,1,1,1,1,1,1,1,1,1,1,1,1,1,1,1,1,1,1,1,1
R02,business,img1_4,Quantum Logistics,prompt_eng,4,4,4,4,4,4,2,3,3,4,5,4,5,5,4,3,3,3,3,3
R02,business,img1_5,Quantum Logistics,netai,4,5,5,5,5,5,5,5,5,5,5,5,5,4,5,4,4,4,5,4
R02,business,img1_6,Quantum Logistics,naive,2,4,2,2,2,2,2,2,2,2,1,1,3,5,1,1,1,1,1,1
R02,business,img1_7,Sentinel Cybershield,naive,3,3,3,2,3,2,2,3,4,3,4,3,4,5,3,3,3,3,3,3
R02,business,img1_8,Sentinel Cybershield,prompt_eng,2,2,2,2,2,1,1,1,1,1,1,1,5,5,3,3,3,2,2,3
R02,business,img1_9,Sentinel Cybershield,netai,1,2,4,3,3,4,3,4,4,4,4,4,5,4,5,4,4,4,3,4
R02,business,img1_10,Wellness Horizon,netai,5,5,5,5,5,5,5,5,5,5,5,5,5,5,5,5,5,5,5,4
R02,business,img1_11,Wellness Horizon,naive,3,3,3,3,3,2,2,4,2,2,3,2,5,5,3,2,2,2,2,2
R02,business,img1_12,Wellness Horizon,prompt_eng,4,4,3,2,2,2,2,2,2,2,4,2,4,5,3,3,2,3,2,3
R03,designer,img1_1,Eco Harvest,netai,4,3,3,4,3,4,5,3,4,4,3,3,4,5,4,4,3,4,3,5
R03,designer,img1_2,Eco Harvest,prompt_eng,2,3,2,2,3,4,4,3,4,5,4,4,4,5,3,4,2,1,2,3
R03,designer,img1_3,Eco Harvest,naive,2,2,1,1,3,3,4,5,4,1,3,2,3,5,3,4,3,3,2,2
R03,designer,img1_4,Quantum Logistics,prompt_eng,5,4,4,5,4,4,3,5,4,4,5,4,5,5,4,4,3,5,3,3
R03,designer,img1_5,Quantum Logistics,netai,5,5,4,4,5,4,5,4,3,2,4,2,4,3,4,4,4,5,3,5
R03,designer,img1_6,Quantum Logistics,naive,1,1,2,1,2,3,2,2,1,1,3,3,3,5,2,1,2,1,1,3
R03,designer,img1_7,Sentinel Cybershield,naive,4,4,3,4,3,4,3,4,5,5,4,4,5,5,3,4,4,3,2,2
R03,designer,img1_8,Sentinel Cybershield,prompt_eng,5,4,3,4,3,5,3,5,4,3,4,3,4,5,2,2,2,1,2,3
R03,designer,img1_9,Sentinel Cybershield,netai,4,4,4,4,5,4,5,5,4,4,4,5,4,5,4,4,4,5,3,4
R03,designer,img1_10,Wellness Horizon,netai,4,5,4,3,5,4,3,3,4,5,3,4,4,4,4,3,3,3,4,4
R03,designer,img1_11,Wellness Horizon,naive,2,3,1,1,2,3,2,3,3,1,3,2,3,4,2,2,3,1,1,1
R03,designer,img1_12,Wellness Horizon,prompt_eng,3,5,3,2,4,5,4,4,4,3,3,4,5,5,4,4,3,2,3,4
R04,project_manager,img1_1,Eco Harvest,netai,3,2,4,4,3,2,3,3,4,4,3,3,3,4,3,2,3,2,2,3
R04,project_manager,img1_2,Eco Harvest,prompt_eng,3,3,2,2,3,2,3,1,2,3,3,2,3,3,1,1,3,4,2,2
R04,project_manager,img1_3,Eco Harvest,naive,2,2,1,1,2,1,2,2,1,1,2,1,3,3,2,1,1,2,1,2
R04,project_manager,img1_4,Quantum Logistics,prompt_eng,2,3,3,3,3,2,2,2,2,2,2,3,3,3,2,2,3,2,1,2
R04,project_manager,img1_5,Quantum Logistics,netai,2,3,4,4,3,2,3,3,2,3,3,3,3,3,3,3,3,2,2,3
R04,project_manager,img1_6,Quantum Logistics,naive,1,1,1,1,2,1,1,1,1,2,2,1,2,3,1,1,1,1,1,1
R04,project_manager,img1_7,Sentinel Cybershield,naive,3,2,2,2,2,2,2,1,2,2,2,2,2,3,2,2,1,1,2,2
R04,project_manager,img1_8,Sentinel Cybershield,prompt_eng,1,1,1,1,2,2,1,1,1,1,2,1,2,2,1,1,1,1,1,1
R04,project_manager,img1_9,Sentinel Cybershield,netai,1,2,4,3,3,3,3,3,3,3,3,3,3,3,3,3,2,2,2,2
R04,project_manager,img1_10,Wellness Horizon,netai,2,3,3,3,3,2,2,2,2,3,3,3,3,3,3,2,2,1,2,2
R04,project_manager,img1_11,Wellness Horizon,naive,1,1,1,2,2,2,2,1,2,2,2,2,3,3,1,1,2,1,1,1
R04,project_manager,img1_12,Wellness Horizon,prompt_eng,2,2,3,3,3,2,2,2,2,3,3,3,3,3,2,2,2,1,2,2
R05,developer,img1_1,Eco Harvest,netai,5,5,4,4,5,4,3,4,4,3,3,4,5,4,4,4,4,4,3,3
R05,developer,img1_2,Eco Harvest,prompt_eng,3,3,3,4,3,4,3,4,3,3,3,3,5,4,3,3,3,2,3,3
R05,developer,img1_3,Eco Harvest,naive,2,3,3,2,3,3,2,3,2,2,3,3,5,3,2,2,2,2,2,2
R05,developer,img1_4,Quantum Logistics,prompt_eng,4,4,3,3,3,4,4,3,3,3,3,4,5,3,2,3,3,3,3,3
R05,developer,img1_5,Quantum Logistics,netai,5,4,4,4,4,4,4,3,4,4,4,4,5,4,4,4,4,4,4,4
R05,developer,img1_6,Quantum Logistics,naive,2,2,2,2,2,3,2,3,3,4,3,3,5,4,3,2,2,2,3,2
R05,developer,img1_7,Sentinel Cybershield,naive,4,4,3,4,3,4,4,3,4,4,3,4,5,4,3,3,3,4,3,3
R05,developer,img1_8,Sentinel Cybershield,prompt_eng,2,2,3,2,2,3,3,2,3,2,2,3,5,3,3,2,2,3,2,2
R05,developer,img1_9,Sentinel Cybershield,netai,5,5,4,4,5,4,4,4,4,4,4,4,5,4,4,5,5,5,4,4
R05,developer,img1_10,Wellness Horizon,netai,4,4,4,5,5,4,4,4,4,4,4,4,5,4,5,5,4,4,4,4
R05,developer,img1_11,Wellness Horizon,naive,3,3,3,3,3,2,3,3,3,2,3,3,5,4,4,2,2,3,3,3
R05,developer,img1_12,Wellness Horizon,prompt_eng,3,4,4,3,4,4,4,4,4,4,5,4,5,4,4,5,4,4,4,4
R06,other,img1_1,Eco Harvest,netai,4,2,3,1,4,2,2,2,3,4,3,4,3,2,3,2,3,2,2,3
R06,other,img1_2,Eco Harvest,prompt_eng,4,3,4,3,4,2,2,2,2,3,3,3,3,3,3,3,3,2,3,3
R06,other,img1_3,Eco Harvest,naive,4,5,4,5,4,4,4,4,4,4,4,4,4,4,4,4,4,4,4,4
R06,other,img1_6,Quantum Logistics,naive,1,1,1,1,1,3,3,3,3,3,3,3,3,3,3,2,2,3,1,3
R06,other,img1_5,Quantum Logistics,netai,4,4,4,4,4,4,4,4,4,2,4,3,4,4,3,4,4,4,3,4
R06,other,img1_4,Quantum Logistics,prompt_eng,1,1,1,1,1,2,2,2,2,2,3,3,3,3,3,3,3,3,3,3
R06,other,img1_7,Sentinel Cybershield,naive,3,3,3,3,3,2,2,2,2,2,3,3,3,3,3,2,2,3,1,1
R06,other,img1_8,Sentinel Cybershield,prompt_eng,2,2,2,2,2,4,4,4,4,4,3,3,3,3,3,4,3,3,2,3
R06,other,img1_9,Sentinel Cybershield,netai,2,2,2,2,2,1,1,1,1,1,3,2,3,2,3,4,3,3,4,2
R06,other,img1_10,Wellness Horizon,netai,4,4,4,4,4,3,4,4,3,4,4,4,4,3,4,4,4,4,4,4
R06,other,img1_11,Wellness Horizon,naive,2,1,2,1,1,2,2,2,2,2,1,1,1,2,2,1,1,1,1,1
R06,other,img1_12,Wellness Horizon,prompt_eng,5,4,3,1,1,3,3,2,2,2,4,4,4,4,1,3,3,3,1,1
R07,other,img1_1,Eco Harvest,netai,3,5,4,4,5,5,4,4,4,5,5,5,5,5,4,3,3,4,4,3
R07,other,img1_2,Eco Harvest,prompt_eng,4,5,4,5,5,5,4,4,4,5,5,5,5,5,5,4,4,5,4,4
R07,other,img1_3,Eco Harvest,naive,3,3,2,3,4,1,3,1,2,2,2,1,5,5,2,2,2,2,2,1
R07,other,img1_4,Quantum Logistics,prompt_eng,4,5,4,3,5,4,4,2,4,4,5,4,4,4,4,4,3,4,4,4
R07,other,img1_5,Quantum Logistics,netai,4,5,5,5,5,5,4,5,4,5,5,5,4,4,5,4,5,5,4,5
R07,other,img1_6,Quantum Logistics,naive,1,2,2,1,2,2,3,1,2,1,2,2,5,5,2,2,2,2,1,1
R07,other,img1_7,Sentinel Cybershield,naive,3,4,3,3,3,3,4,2,2,3,4,3,4,5,3,3,2,3,3,2
R07,other,img1_8,Sentinel Cybershield,prompt_eng,4,5,4,4,4,4,3,2,3,4,4,2,4,4,4,3,3,3,2,2
R07,other,img1_9,Sentinel Cybershield,netai,4,5,5,5,4,5,4,4,4,5,5,5,5,5,4,4,4,4,4,4
R07,other,img1_10,Wellness Horizon,netai,3,4,3,4,3,3,3,3,3,4,4,4,4,4,3,3,3,3,3,3
R07,other,img1_11,Wellness Horizon,naive,4,4,2,2,4,3,3,3,3,4,4,4,4,4,4,3,3,3,3,3
R07,other,img1_12,Wellness Horizon,prompt_eng,2,1,1,2,1,2,3,2,2,3,1,2,4,4,1,1,2,3,2,2
R08,other,img1_1,Eco Harvest,netai,4,4,5,5,5,4,4,4,5,4,5,5,5,5,5,4,5,4,4,4
R08,other,img1_2,Eco Harvest,prompt_eng,3,4,4,4,4,3,3,3,3,2,4,4,4,4,3,2,2,3,2,2
R08,other,img1_3,Eco Harvest,naive,2,4,2,3,2,2,2,2,2,3,3,3,3,4,3,2,2,2,2,1
R08,other,img1_4,Quantum Logistics,prompt_eng,4,4,5,5,4,4,3,3,3,4,5,5,4,3,4,4,4,4,3,4
R08,other,img1_5,Quantum Logistics,netai,5,5,5,5,5,5,5,4,4,5,5,5,5,4,5,5,5,5,5,5
R08,other,img1_6,Quantum Logistics,naive,2,3,2,2,3,3,2,2,2,2,3,3,3,4,2,1,1,3,1,1
R08,other,img1_7,Sentinel Cybershield,naive,5,4,3,3,4,4,3,3,4,3,4,3,3,4,4,4,3,4,3,3
R08,other,img1_8,Sentinel Cybershield,prompt_eng,3,2,3,3,4,4,3,3,4,4,3,3,4,4,3,4,3,4,3,4
R08,other,img1_9,Sentinel Cybershield,netai,5,5,5,5,5,5,5,4,5,4,5,5,5,4,5,5,5,5,5,5
R08,other,img1_10,Wellness Horizon,netai,4,5,5,5,5,4,4,5,5,5,5,5,5,4,5,5,5,5,5,5
R08,other,img1_11,Wellness Horizon,naive,3,3,2,2,2,3,3,2,2,3,4,4,4,4,2,3,2,3,2,2
R08,other,img1_12,Wellness Horizon,prompt_eng,3,4,3,4,4,3,2,3,3,3,4,4,4,4,3,4,3,3,3,3
R09,other,img1_1,Eco Harvest,netai,4,4,5,4,4,5,4,5,5,5,5,4,5,4,5,5,5,5,5,5
R09,other,img1_2,Eco Harvest,prompt_eng,3,2,3,4,3,3,3,3,4,3,4,3,3,3,3,2,2,4,3,3
R09,other,img1_3,Eco Harvest,naive,3,2,3,3,2,4,4,4,4,4,3,2,4,4,3,3,3,3,3,3
R09,other,img1_4,Quantum Logistics,prompt_eng,3,3,3,3,3,4,3,4,3,4,4,4,4,4,4,2,2,3,3,3
R09,other,img1_5,Quantum Logistics,netai,5,5,5,5,5,5,4,5,4,5,5,4,5,5,5,5,5,5,4,5
R09,other,img1_6,Quantum Logistics,naive,3,3,3,2,2,4,3,3,3,3,4,4,4,3,4,2,2,2,2,2
R09,other,img1_7,Sentinel Cybershield,naive,4,4,4,4,4,4,3,3,4,4,4,4,4,4,3,2,2,3,3,3
R09,other,img1_8,Sentinel Cybershield,prompt_eng,2,4,4,3,3,4,3,4,4,3,4,4,4,4,2,2,2,3,3,3
R09,other,img1_9,Sentinel Cybershield,netai,5,5,5,5,5,5,5,5,5,4,5,4,5,4,5,5,5,5,5,5
R09,other,img1_10,Wellness Horizon,netai,3,4,4,4,4,4,5,4,5,5,5,4,4,4,4,4,4,4,4,4
R09,other,img1_11,Wellness Horizon,naive,3,3,3,3,4,4,4,4,3,4,4,4,3,3,3,2,3,3,4,3
R09,other,img1_12,Wellness Horizon,prompt_eng,2,2,4,3,4,4,3,4,3,3,4,3,4,3,4,2,2,2,2,2
R10,project_manager,img1_1,Eco Harvest,netai,5,4,4,4,4,4,4,4,4,4,3,3,3,3,3,3,4,3,3,3
R10,project_manager,img1_2,Eco Harvest,prompt_eng,2,2,2,3,3,3,3,3,3,3,4,4,3,3,3,4,3,3,3,3
R10,project_manager,img1_3,Eco Harvest,naive,3,4,3,2,2,3,3,3,3,3,4,4,3,3,2,3,2,2,2,2
R10,project_manager,img1_4,Quantum Logistics,prompt_eng,2,3,2,3,2,4,3,2,3,3,3,3,3,3,3,3,3,3,3,2
R10,project_manager,img1_5,Quantum Logistics,netai,2,2,3,3,5,3,3,3,3,4,4,4,4,2,4,4,4,3,3,4
R10,project_manager,img1_6,Quantum Logistics,naive,3,4,4,4,2,4,3,4,3,4,4,4,4,4,3,4,3,3,3,2
R10,project_manager,img1_7,Sentinel Cybershield,naive,4,4,4,4,4,4,4,4,3,4,4,4,4,3,4,4,4,3,3,4
R10,project_manager,img1_8,Sentinel Cybershield,prompt_eng,2,2,2,2,2,4,3,3,3,4,4,4,4,4,3,3,3,3,3,3
R10,project_manager,img1_9,Sentinel Cybershield,netai,2,2,2,2,3,3,3,3,3,3,3,3,3,2,3,4,4,3,3,4
R10,project_manager,img1_10,Wellness Horizon,netai,5,4,4,4,4,4,3,3,3,3,4,4,3,2,3,3,3,3,3,3
R10,project_manager,img1_11,Wellness Horizon,naive,2,3,3,3,3,3,3,3,3,3,4,4,3,3,3,3,3,3,3,3
R10,project_manager,img1_12,Wellness Horizon,prompt_eng,2,4,4,4,4,4,3,3,3,3,3,3,4,3,3,3,3,3,3,3
R11,developer,img1_1,Eco Harvest,netai,3,5,4,4,5,5,4,4,5,4,4,5,4,5,5,4,3,4,4,5
R11,developer,img1_2,Eco Harvest,prompt_eng,4,5,2,3,2,3,2,2,3,3,4,3,4,3,4,3,4,3,4,3
R11,developer,img1_3,Eco Harvest,naive,1,2,1,2,1,2,2,2,2,2,2,3,2,3,2,3,2,3,2,3
R11,developer,img1_4,Quantum Logistics,prompt_eng,4,4,5,4,5,4,5,4,4,4,4,5,4,4,4,5,4,5,4,5
R11,developer,img1_5,Quantum Logistics,netai,4,5,5,5,5,3,3,4,4,4,3,4,5,4,4,5,5,4,5,5
R11,developer,img1_6,Quantum Logistics,naive,2,3,2,3,3,3,3,2,3,2,3,3,2,3,1,4,3,4,3,4
R11,developer,img1_7,Sentinel Cybershield,naive,4,5,4,5,5,5,5,5,5,4,5,4,5,4,5,4,5,4,5,4
R11,developer,img1_8,Sentinel Cybershield,prompt_eng,2,1,2,2,1,3,2,2,1,1,2,2,2,1,2,3,2,3,2,3
R11,developer,img1_9,Sentinel Cybershield,netai,4,5,4,5,5,4,5,5,5,4,5,5,5,5,5,5,4,3,4,4
R11,developer,img1_10,Wellness Horizon,netai,2,3,3,4,3,4,3,4,4,4,4,3,3,3,4,4,4,4,5,4
R11,developer,img1_11,Wellness Horizon,naive,5,3,3,2,4,4,4,4,4,4,3,4,3,3,4,4,3,4,4,4
R11,developer,img1_12,Wellness Horizon,prompt_eng,2,2,2,1,2,2,1,2,2,2,3,2,3,3,2,3,2,2,2,3
R12,developer,img1_1,Eco Harvest,netai,5,4,5,5,5,4,5,5,5,5,4,4,5,5,5,5,5,5,5,5
R12,developer,img1_2,Eco Harvest,prompt_eng,3,4,3,4,4,5,5,4,4,5,4,3,4,4,4,5,4,4,3,3
R12,developer,img1_3,Eco Harvest,naive,2,3,2,2,1,2,2,2,3,3,3,2,2,3,3,2,3,3,2,2
R12,developer,img1_4,Quantum Logistics,prompt_eng,4,4,5,4,4,4,5,4,3,4,4,4,3,4,4,4,3,4,5,4
R12,developer,img1_5,Quantum Logistics,netai,5,5,5,5,5,5,5,5,5,4,5,5,5,5,5,5,5,4,4,5
R12,developer,img1_6,Quantum Logistics,naive,4,3,4,4,3,4,4,3,3,3,4,5,4,4,3,4,3,4,3,4
R12,developer,img1_7,Sentinel Cybershield,naive,5,5,5,5,5,5,5,5,4,5,5,5,5,4,5,5,4,5,5,5
R12,developer,img1_8,Sentinel Cybershield,prompt_eng,5,5,4,4,5,5,4,5,5,5,4,4,3,3,3,4,5,4,4,3
R12,developer,img1_9,Sentinel Cybershield,netai,5,4,5,5,5,5,4,5,5,5,5,5,4,5,5,5,4,5,5,5
R12,developer,img1_10,Wellness Horizon,netai,5,4,4,4,5,5,3,5,4,5,5,5,5,4,4,5,5,5,4,4
R12,developer,img1_11,Wellness Horizon,naive,5,4,4,3,3,3,4,3,3,3,4,3,3,3,3,4,3,3,2,3
R12,developer,img1_12,Wellness Horizon,prompt_eng,4,3,4,3,3,4,4,3,3,2,3,3,2,3,3,3,3,2,2,2
R13,developer,img1_1,Eco Harvest,netai,4,3,4,4,5,4,4,4,5,3,5,4,5,5,5,5,4,4,4,5
R13,developer,img1_2,Eco Harvest,prompt_eng,5,4,5,4,5,5,3,5,4,5,5,4,5,5,5,5,4,5,4,5
R13,developer,img1_3,Eco Harvest,naive,5,4,5,4,5,5,4,5,4,3,5,4,5,5,5,5,5,4,4,5
R13,developer,img1_4,Quantum Logistics,prompt_eng,5,4,5,4,5,5,4,5,5,4,5,5,4,5,4,5,4,5,4,5
R13,developer,img1_5,Quantum Logistics,netai,5,4,5,5,4,5,4,3,4,5,5,5,4,5,3,5,4,4,5,5
R13,developer,img1_6,Quantum Logistics,naive,3,2,2,2,3,2,2,2,2,2,4,3,4,4,4,2,2,2,2,2
R13,developer,img1_7,Sentinel Cybershield,naive,5,4,4,4,4,4,4,4,4,5,5,5,5,5,4,5,4,5,4,5
R13,developer,img1_8,Sentinel Cybershield,prompt_eng,2,2,2,2,2,2,2,2,3,4,4,4,4,5,3,5,3,2,2,4
R13,developer,img1_9,Sentinel Cybershield,netai,5,5,5,5,5,5,5,5,5,5,5,5,5,5,5,5,5,5,5,5
R13,developer,img1_10,Wellness Horizon,netai,5,4,5,5,5,5,5,5,5,5,5,5,5,5,5,5,5,5,5,5
R13,developer,img1_11,Wellness Horizon,naive,5,4,5,4,5,5,5,4,5,5,5,4,5,4,5,5,4,5,3,3
R13,developer,img1_12,Wellness Horizon,prompt_eng,4,4,4,4,4,4,4,3,4,3,4,3,4,3,5,5,4,5,4,5
R14,project_manager,img1_1,Eco Harvest,netai,4,4,3,3,4,3,4,3,3,3,4,4,5,4,4,4,4,5,3,4
R14,project_manager,img1_2,Eco Harvest,prompt_eng,3,3,4,3,3,4,4,3,3,3,3,3,4,3,3,3,3,3,3,3
R14,project_manager,img1_3,Eco Harvest,naive,3,2,2,2,3,3,3,2,2,2,3,1,4,2,2,2,1,2,1,1
R14,project_manager,img1_4,Quantum Logistics,prompt_eng,4,4,4,4,4,4,3,4,4,4,4,4,5,5,3,4,3,4,4,4
R14,project_manager,img1_5,Quantum Logistics,netai,3,3,3,4,4,3,4,3,3,4,4,2,5,4,3,4,3,4,3,4
R14,project_manager,img1_6,Quantum Logistics,naive,1,2,1,1,1,3,1,3,2,2,2,3,4,3,1,1,1,2,1,2
R14,project_manager,img1_7,Sentinel Cybershield,naive,4,3,4,3,4,4,3,4,3,4,4,4,4,4,3,4,3,4,2,3
R14,project_manager,img1_8,Sentinel Cybershield,prompt_eng,2,3,2,3,3,3,3,3,3,3,3,1,4,3,3,2,2,4,1,2
R14,project_manager,img1_9,Sentinel Cybershield,netai,1,2,3,4,4,2,3,3,3,3,2,3,4,4,3,2,2,4,1,2
R14,project_manager,img1_10,Wellness Horizon,netai,3,4,4,4,3,4,3,3,3,3,4,4,4,4,2,3,3,3,3,3
R14,project_manager,img1_11,Wellness Horizon,naive,2,3,2,3,3,3,3,4,2,3,2,3,4,4,3,2,2,3,2,2
R14,project_manager,img1_12,Wellness Horizon,prompt_eng,3,4,4,4,4,4,2,3,3,4,3,3,4,4,2,4,3,4,1,3
R15,other,img1_1,Eco Harvest,netai,5,4,4,5,5,5,5,3,4,5,5,5,5,5,5,5,5,4,2,3
R15,other,img1_2,Eco Harvest,prompt_eng,4,3,2,3,2,3,3,1,1,1,3,2,5,5,2,1,2,1,1,1
R15,other,img1_3,Eco Harvest,naive,3,2,1,1,2,1,1,1,1,2,3,1,4,3,1,1,1,1,1,1
R15,other,img1_4,Quantum Logistics,prompt_eng,5,4,4,5,3,3,4,3,4,5,4,3,4,4,4,3,4,4,3,3
R15,other,img1_5,Quantum Logistics,netai,5,3,4,5,5,5,4,4,4,5,5,4,5,5,4,4,5,3,4,5
R15,other,img1_6,Quantum Logistics,naive,3,2,1,1,3,2,2,1,2,1,2,1,5,5,1,1,1,1,1,1
R15,other,img1_7,Sentinel Cybershield,naive,5,4,3,4,4,3,2,1,3,3,5,3,4,3,4,3,3,2,1,2
R15,other,img1_8,Sentinel Cybershield,prompt_eng,2,2,3,2,3,1,1,1,2,3,3,2,3,3,1,2,1,1,1,2
R15,other,img1_9,Sentinel Cybershield,netai,4,3,5,4,5,4,4,2,4,4,4,3,4,4,4,4,4,3,2,3
R15,other,img1_10,Wellness Horizon,netai,5,4,5,3,4,3,3,4,4,3,4,3,4,4,4,3,2,3,2,2
R15,other,img1_11,Wellness Horizon,naive,3,3,2,2,3,2,2,1,2,1,2,2,4,4,4,3,2,2,1,2
R15,other,img1_12,Wellness Horizon,prompt_eng,4,3,4,4,3,3,2,2,2,3,3,3,2,3,2,3,3,3,2,1
R16,other,img1_1,Eco Harvest,netai,3,4,4,3,3,4,3,4,4,2,4,4,5,5,4,4,3,3,3,3
R16,other,img1_2,Eco Harvest,prompt_eng,5,4,4,4,3,4,4,3,3,3,4,4,4,2,4,4,4,3,2,3
R16,other,img1_3,Eco Harvest,naive,5,4,4,4,3,4,4,3,3,3,5,3,3,3,4,3,4,3,4,3
R16,other,img1_4,Quantum Logistics,prompt_eng,5,5,5,5,5,5,5,5,5,5,5,4,5,5,5,5,5,5,5,5
R16,other,img1_5,Quantum Logistics,netai,4,4,3,5,5,4,5,4,5,5,4,4,5,4,5,5,5,5,5,5
R16,other,img1_6,Quantum Logistics,naive,3,3,3,3,5,3,4,5,4,4,4,3,3,2,2,2,4,4,4,4
R16,other,img1_9,Sentinel Cybershield,netai,5,4,4,3,4,4,3,4,3,4,4,4,3,4,3,4,5,5,4,5
R16,other,img1_7,Sentinel Cybershield,naive,5,4,4,5,5,5,4,4,5,4,5,4,5,4,5,4,4,3,4,5
R16,other,img1_8,Sentinel Cybershield,prompt_eng,5,3,5,5,5,4,4,5,5,4,5,4,5,5,5,5,5,5,5,5
R16,other,img1_10,Wellness Horizon,netai,4,3,4,5,5,5,4,5,5,4,5,4,4,5,3,5,4,3,5,5
R16,other,img1_11,Wellness Horizon,naive,4,3,4,5,4,4,4,5,5,4,5,4,5,4,5,5,3,3,4,5
R16,other,img1_12,Wellness Horizon,prompt_eng,5,4,5,5,5,5,4,5,4,4,3,3,4,4,4,4,4,4,4,4
R17,other,img1_1,Eco Harvest,netai,4,3,3,4,3,4,3,3,4,3,4,5,3,3,4,5,3,4,4,4
R17,other,img1_2,Eco Harvest,prompt_eng,3,5,2,3,5,4,3,5,4,3,3,5,3,4,4,5,4,4,4,4
R17,other,img1_3,Eco Harvest,naive,5,4,5,4,3,5,4,4,4,5,5,4,4,5,5,5,4,5,3,4
R17,other,img1_6,Quantum Logistics,naive,3,3,5,4,3,3,2,3,2,2,5,5,4,4,2,4,4,3,4,4
R17,other,img1_5,Quantum Logistics,netai,5,4,4,3,4,4,4,2,4,3,4,3,4,2,2,4,3,4,4,4
R17,other,img1_4,Quantum Logistics,prompt_eng,5,4,4,4,3,4,4,3,4,3,4,4,5,3,4,4,5,2,4,4
R17,other,img1_9,Sentinel Cybershield,netai,4,4,3,4,3,3,5,4,5,3,4,5,3,4,3,4,4,3,4,4
R17,other,img1_8,Sentinel Cybershield,prompt_eng,3,5,5,4,4,5,4,4,4,4,4,3,3,4,4,3,3,5,3,4
R17,other,img1_7,Sentinel Cybershield,naive,5,3,4,4,4,5,4,3,4,4,3,4,3,4,4,4,3,3,4,4
R17,other,img1_12,Wellness Horizon,prompt_eng,3,4,5,4,3,5,4,3,4,3,4,5,4,3,4,5,4,3,4,3
R17,other,img1_11,Wellness Horizon,naive,4,3,3,3,2,3,2,3,3,3,4,3,3,3,5,5,5,4,4,4
R17,other,img1_10,Wellness Horizon,netai,5,4,3,4,3,5,4,4,3,4,4,3,3,4,3,3,3,4,4,3
R18,other,img1_1,Eco Harvest,netai,4,5,4,5,4,5,4,4,5,5,4,5,5,5,5,5,4,4,5,5
R18,other,img1_2,Eco Harvest,prompt_eng,5,5,5,5,4,4,3,5,5,4,4,5,4,5,4,5,4,5,5,5
R18,other,img1_3,Eco Harvest,naive,5,4,4,4,5,3,3,3,4,4,4,4,4,3,5,4,4,4,5,5
R18,other,img1_4,Quantum Logistics,prompt_eng,5,4,5,5,5,4,5,5,5,5,4,5,5,4,5,4,5,4,4,5
R18,other,img1_5,Quantum Logistics,netai,5,5,5,5,5,4,3,4,5,4,4,5,4,5,5,4,5,4,5,5
R18,other,img1_6,Quantum Logistics,naive,4,4,5,4,3,4,3,4,4,4,4,3,3,4,4,4,3,4,4,4
R18,other,img1_7,Sentinel Cybershield,naive,5,5,5,5,5,4,5,4,5,4,4,4,5,5,4,4,4,4,4,4
R18,other,img1_8,Sentinel Cybershield,prompt_eng,3,3,2,3,3,3,4,4,4,4,4,3,4,3,4,3,4,4,3,4
R18,other,img1_9,Sentinel Cybershield,netai,5,5,5,5,5,4,4,5,4,4,5,4,4,4,5,4,4,5,5,5
R18,other,img1_10,Wellness Horizon,netai,4,5,3,3,4,4,4,3,4,4,4,4,3,4,4,4,4,5,4,4
R18,other,img1_11,Wellness Horizon,naive,3,4,2,4,4,4,4,4,3,4,4,4,4,4,4,3,4,4,3,4
R18,other,img1_12,Wellness Horizon,prompt_eng,2,2,3,3,2,3,3,3,3,4,4,3,4,4,3,4,4,4,4,4
R19,project_manager,img1_1,Eco Harvest,netai,4,4,5,4,5,5,5,4,5,5,4,5,4,5,4,4,5,5,4,4
R19,project_manager,img1_2,Eco Harvest,prompt_eng,3,4,3,3,4,4,5,3,4,4,5,4,4,4,4,3,4,4,3,3
R19,project_manager,img1_3,Eco Harvest,naive,2,3,2,2,3,4,4,2,3,3,4,3,4,4,2,2,3,3,2,2
R19,project_manager,img1_4,Quantum Logistics,prompt_eng,5,5,5,5,5,5,5,5,5,5,5,5,5,5,4,5,5,5,5,5
R19,project_manager,img1_5,Quantum Logistics,netai,4,4,5,4,5,5,5,4,5,5,5,5,5,5,4,4,5,5,5,4
R19,project_manager,img1_6,Quantum Logistics,naive,2,3,2,2,3,3,3,2,3,3,3,3,5,5,3,2,3,3,2,2
R19,project_manager,img1_7,Sentinel Cybershield,naive,5,5,5,5,5,5,5,5,5,5,5,5,5,5,4,5,5,5,5,5
R19,project_manager,img1_8,Sentinel Cybershield,prompt_eng,2,2,3,3,2,3,2,2,3,3,3,3,4,4,2,2,3,3,3,2
R19,project_manager,img1_9,Sentinel Cybershield,netai,4,4,5,4,5,5,5,5,5,4,5,5,5,5,4,4,5,4,4,4
R19,project_manager,img1_10,Wellness Horizon,netai,5,5,5,5,5,5,5,5,5,5,5,5,5,5,4,5,5,5,5,5
R19,project_manager,img1_11,Wellness Horizon,naive,2,2,2,3,3,3,3,2,3,2,3,3,4,4,2,3,3,3,2,2
R19,project_manager,img1_12,Wellness Horizon,prompt_eng,4,5,5,4,5,5,5,4,5,5,5,5,5,5,3,4,5,5,4,4
R20,business,img1_1,Eco Harvest,netai,4,3,5,4,5,5,3,4,2,4,4,5,5,4,4,3,4,5,5,4
R20,business,img1_2,Eco Harvest,prompt_eng,1,4,3,2,2,4,4,4,5,3,3,4,3,2,2,3,3,3,2,2
R20,business,img1_3,Eco Harvest,naive,1,1,2,1,3,2,2,1,2,2,2,1,2,2,2,3,2,2,3,2
R20,business,img1_4,Quantum Logistics,prompt_eng,4,4,3,3,4,3,4,3,3,4,2,4,3,4,4,3,3,2,4,3
R20,business,img1_5,Quantum Logistics,netai,5,4,5,5,5,4,4,5,5,4,4,5,4,4,5,5,5,4,3,5
R20,business,img1_6,Quantum Logistics,naive,4,1,2,1,4,3,3,4,5,5,4,3,3,4,2,4,3,4,4,3
R20,business,img1_7,Sentinel Cybershield,naive,5,5,5,5,5,4,5,5,4,5,5,5,5,5,5,5,5,4,5,5
R20,business,img1_8,Sentinel Cybershield,prompt_eng,4,4,5,5,4,5,4,4,4,4,4,4,4,5,4,4,3,5,4,3
R20,business,img1_9,Sentinel Cybershield,netai,5,3,5,4,5,5,5,5,5,4,4,4,4,3,3,3,4,3,3,3
R20,business,img1_10,Wellness Horizon,netai,5,5,5,5,4,3,4,4,5,4,2,4,4,4,3,4,3,3,4,3
R20,business,img1_11,Wellness Horizon,naive,1,3,2,2,2,3,3,3,2,2,4,2,2,5,2,2,3,3,2,1
R20,business,img1_12,Wellness Horizon,prompt_eng,4,3,4,4,4,4,2,3,3,4,4,3,4,4,3,3,3,4,3,3
R21,other,img1_1,Eco Harvest,netai,4,3,4,4,5,5,5,4,5,4,5,4,5,4,4,4,5,5,4,5
R21,other,img1_2,Eco Harvest,prompt_eng,5,4,4,5,5,5,5,4,4,5,5,5,4,5,5,5,4,4,4,4
R21,other,img1_3,Eco Harvest,naive,4,3,2,4,4,4,4,4,5,5,4,4,3,2,5,4,4,4,4,5
R21,other,img1_4,Quantum Logistics,prompt_eng,5,5,5,5,5,5,5,5,5,5,4,5,3,3,5,4,4,5,4,5
R21,other,img1_5,Quantum Logistics,netai,3,3,3,4,5,3,4,4,4,4,4,5,4,5,4,4,5,4,5,5
R21,other,img1_6,Quantum Logistics,naive,4,5,4,4,4,5,5,4,4,5,4,4,4,5,4,4,4,4,4,5
R21,other,img1_7,Sentinel Cybershield,naive,4,4,5,4,5,4,4,4,4,5,4,4,4,2,3,4,4,5,4,5
R21,other,img1_8,Sentinel Cybershield,prompt_eng,5,5,5,5,5,5,5,5,5,5,5,4,5,4,5,4,4,4,4,4
R21,other,img1_9,Sentinel Cybershield,netai,2,3,3,3,4,3,3,4,3,4,4,4,5,5,5,4,4,4,4,5
R21,other,img1_10,Wellness Horizon,netai,4,4,4,4,4,4,5,4,4,4,4,5,4,3,4,4,4,4,4,3
R21,other,img1_11,Wellness Horizon,naive,5,5,5,5,5,5,5,5,5,5,5,5,5,5,5,5,4,4,5,5
R21,other,img1_12,Wellness Horizon,prompt_eng,2,3,3,3,4,4,4,3,4,4,4,4,4,5,4,4,4,4,3,4
R22,developer,img1_1,Eco Harvest,netai,3,4,4,4,4,3,3,4,3,3,1,3,4,4,3,2,2,2,3,3
R22,developer,img1_2,Eco Harvest,prompt_eng,1,2,2,2,3,2,2,2,2,1,1,2,2,2,2,2,2,2,2,2
R22,developer,img1_3,Eco Harvest,naive,1,1,1,1,1,1,1,1,1,1,1,1,1,1,1,1,1,1,1,1
R22,developer,img1_4,Quantum Logistics,prompt_eng,2,2,4,2,2,2,2,2,2,3,2,2,2,2,2,2,2,2,2,2
R22,developer,img1_5,Quantum Logistics,netai,4,3,4,5,5,5,5,5,4,5,4,4,5,5,5,5,5,5,5,5
R22,developer,img1_6,Quantum Logistics,naive,1,1,1,1,1,1,1,1,1,1,1,1,1,1,1,1,1,1,1,1
R22,developer,img1_7,Sentinel Cybershield,naive,3,3,3,3,3,3,3,3,3,3,3,3,3,3,3,3,3,3,3,3
R22,developer,img1_8,Sentinel Cybershield,prompt_eng,2,2,2,2,2,2,2,2,2,2,2,2,2,2,2,2,2,2,2,2
R22,developer,img1_9,Sentinel Cybershield,netai,4,4,4,4,4,4,4,4,4,4,4,4,5,4,4,4,4,4,4,4
R22,developer,img1_10,Wellness Horizon,netai,4,4,4,4,4,4,4,4,4,4,4,4,4,4,4,4,4,4,4,4
R22,developer,img1_11,Wellness Horizon,naive,2,2,2,2,2,2,2,2,2,2,2,2,2,2,2,2,2,2,2,2
R22,developer,img1_12,Wellness Horizon,prompt_eng,4,4,4,4,4,4,4,4,4,4,4,4,4,4,4,4,4,4,4,4
R23,project_manager,img1_1,Eco Harvest,netai,4,2,4,4,3,5,4,5,4,4,5,4,5,5,4,5,4,5,5,5
R23,project_manager,img1_2,Eco Harvest,prompt_eng,4,4,5,5,4,4,5,4,5,5,5,5,4,5,5,4,5,5,5,4
R23,project_manager,img1_3,Eco Harvest,naive,5,4,4,4,5,5,5,4,5,5,5,5,5,5,5,5,4,5,4,5
R23,project_manager,img1_4,Quantum Logistics,prompt_eng,5,4,4,5,4,4,5,5,4,5,5,4,4,5,5,5,4,5,5,5
R23,project_manager,img1_5,Quantum Logistics,netai,5,5,5,5,5,4,5,4,5,5,5,4,5,5,5,5,4,4,5,5
R23,project_manager,img1_6,Quantum Logistics,naive,5,4,5,5,5,5,5,5,5,5,5,4,4,5,5,5,4,5,5,4
R23,project_manager,img1_7,Sentinel Cybershield,naive,4,5,5,5,5,5,4,5,5,5,4,5,5,5,4,5,5,5,5,5
R23,project_manager,img1_8,Sentinel Cybershield,prompt_eng,4,5,4,5,4,5,3,4,5,5,5,4,5,5,4,5,5,5,5,5
R23,project_manager,img1_9,Sentinel Cybershield,netai,4,4,4,5,5,5,4,5,5,4,5,4,5,4,5,5,4,5,5,5
R23,project_manager,img1_10,Wellness Horizon,netai,5,4,5,5,5,5,4,5,5,5,5,5,5,5,5,5,4,4,5,5
R23,project_manager,img1_11,Wellness Horizon,naive,5,5,5,5,5,5,4,5,5,5,5,4,4,4,5,5,4,4,5,5
R23,project_manager,img1_12,Wellness Horizon,prompt_eng,5,5,5,4,5,5,4,5,5,5,4,5,4,5,5,5,4,5,5,5
R24,business,img1_1,Eco Harvest,netai,3,4,3,4,4,4,3,4,3,3,4,4,5,4,3,3,4,4,3,4
R24,business,img1_2,Eco Harvest,prompt_eng,3,3,4,4,5,4,4,3,3,3,3,3,4,3,4,4,3,4,3,4
R24,business,img1_3,Eco Harvest,naive,4,3,4,4,5,5,4,3,3,4,5,3,5,4,3,3,4,4,3,4
R24,business,img1_6,Quantum Logistics,naive,3,3,3,3,4,5,3,5,3,4,4,4,3,3,4,4,3,4,3,4
R24,business,img1_5,Quantum Logistics,netai,3,4,3,4,3,3,4,3,3,4,4,4,5,3,4,3,4,3,4,3
R24,business,img1_4,Quantum Logistics,prompt_eng,3,3,3,3,4,4,3,3,3,4,4,4,3,4,3,4,3,4,3,4
R24,business,img1_9,Sentinel Cybershield,netai,3,4,3,4,3,4,3,4,4,3,3,4,5,4,4,3,4,3,3,4
R24,business,img1_8,Sentinel Cybershield,prompt_eng,4,3,3,4,3,5,3,4,3,4,5,4,5,4,4,3,3,4,3,4
R24,business,img1_7,Sentinel Cybershield,naive,4,3,3,3,4,3,4,3,3,4,4,4,4,3,4,3,4,4,3,3
R24,business,img1_12,Wellness Horizon,prompt_eng,3,4,3,4,4,3,4,3,3,4,3,3,3,3,4,3,3,4,3,4
R24,business,img1_11,Wellness Horizon,naive,3,3,4,3,4,5,3,3,3,4,5,4,3,3,4,4,4,3,4,4
R24,business,img1_10,Wellness Horizon,netai,4,3,2,3,4,3,2,3,2,4,3,5,5,4,3,4,4,3,3,3
R25,developer,img1_1,Eco Harvest,netai,5,4,5,4,5,5,4,4,4,5,3,4,3,5,5,4,4,5,5,4
R25,developer,img1_2,Eco Harvest,prompt_eng,1,4,3,2,2,4,3,4,4,5,4,5,4,4,3,4,3,3,4,4
R25,developer,img1_3,Eco Harvest,naive,2,4,3,4,2,4,4,4,3,4,4,4,4,4,3,3,4,3,3,3
R25,developer,img1_4,Quantum Logistics,prompt_eng,4,4,4,4,4,5,4,4,5,5,4,4,5,5,5,4,5,5,4,4
R25,developer,img1_5,Quantum Logistics,netai,3,4,3,4,3,4,4,4,5,5,4,4,5,4,4,4,5,4,3,5
R25,developer,img1_6,Quantum Logistics,naive,2,5,3,4,3,5,5,5,5,5,5,4,3,4,3,4,4,3,3,4
R25,developer,img1_7,Sentinel Cybershield,naive,3,5,4,5,4,5,5,5,5,5,5,4,4,4,4,4,3,4,4,5
R25,developer,img1_8,Sentinel Cybershield,prompt_eng,3,4,3,4,4,5,5,5,5,5,5,5,4,4,4,5,4,4,3,4
R25,developer,img1_9,Sentinel Cybershield,netai,2,3,3,4,3,4,3,4,3,4,3,4,3,4,4,3,4,3,4,4
R25,developer,img1_10,Wellness Horizon,netai,5,5,5,5,5,4,5,5,5,5,5,5,5,5,5,4,4,4,5,4
R25,developer,img1_11,Wellness Horizon,naive,3,4,4,4,4,4,4,4,5,5,4,4,4,3,4,5,4,4,5,5
R25,developer,img1_12,Wellness Horizon,prompt_eng,4,4,4,5,5,5,5,5,4,4,4,4,4,4,4,4,5,4,4,5
R26,designer,img1_1,Eco Harvest,netai,4,4,4,4,4,5,5,5,5,5,5,5,5,5,5,5,5,5,5,5
R26,designer,img1_2,Eco Harvest,prompt_eng,5,5,5,5,5,4,5,4,5,5,5,5,5,5,5,5,5,5,5,5
R26,designer,img1_3,Eco Harvest,naive,5,5,5,5,5,4,4,4,4,4,5,5,5,5,4,4,4,4,4,4
R26,designer,img1_6,Quantum Logistics,naive,4,4,4,4,4,5,5,5,5,5,4,5,5,4,4,4,5,4,5,4
R26,designer,img1_5,Quantum Logistics,netai,4,4,4,4,4,5,5,5,5,5,4,4,4,4,4,5,5,5,5,5
R26,designer,img1_4,Quantum Logistics,prompt_eng,5,5,5,5,5,5,5,5,5,5,5,5,5,5,5,5,5,5,5,5
R26,designer,img1_7,Sentinel Cybershield,naive,5,5,5,5,5,5,5,5,5,5,5,5,5,5,5,5,5,5,5,5
R26,designer,img1_8,Sentinel Cybershield,prompt_eng,4,4,4,4,4,4,4,4,4,4,4,4,4,4,4,4,4,4,4,4
R26,designer,img1_9,Sentinel Cybershield,netai,5,5,5,5,5,5,5,5,5,5,5,5,5,5,5,5,5,5,5,5
R26,designer,img1_10,Wellness Horizon,netai,5,5,5,5,5,4,4,4,4,4,5,5,5,5,5,4,4,4,4,4
R26,designer,img1_11,Wellness Horizon,naive,4,4,4,4,4,5,5,5,5,5,4,4,4,4,4,5,5,5,5,5
R26,designer,img1_12,Wellness Horizon,prompt_eng,4,4,4,4,4,4,4,4,4,4,4,4,4,4,4,4,4,4,4,4
R27,designer,img1_1,Eco Harvest,netai,5,3,5,4,5,5,4,4,5,4,5,5,5,4,5,5,4,5,4,4
R27,designer,img1_2,Eco Harvest,prompt_eng,3,4,4,3,5,3,4,4,4,5,4,4,5,3,5,3,4,4,5,5
R27,designer,img1_3,Eco Harvest,naive,4,3,4,5,5,5,3,5,4,4,5,3,4,4,4,4,5,3,5,4
R27,designer,img1_4,Quantum Logistics,prompt_eng,5,4,4,5,4,5,5,4,3,5,4,3,4,5,3,5,4,4,4,5
R27,designer,img1_5,Quantum Logistics,netai,4,4,5,4,5,4,5,5,5,4,5,4,4,4,4,5,4,5,4,4
R27,designer,img1_6,Quantum Logistics,naive,5,5,5,4,5,5,5,5,5,5,4,4,5,5,4,5,5,4,5,5
R27,designer,img1_7,Sentinel Cybershield,naive,5,4,5,5,5,4,4,4,4,4,4,4,5,4,4,4,3,5,5,5
R27,designer,img1_8,Sentinel Cybershield,prompt_eng,4,3,5,4,4,4,5,4,5,5,3,5,5,5,5,4,5,5,4,5
R27,designer,img1_9,Sentinel Cybershield,netai,4,4,4,5,5,5,5,5,3,4,5,5,5,5,5,5,4,5,5,5
R27,designer,img1_10,Wellness Horizon,netai,5,5,5,5,5,4,5,5,5,5,5,5,4,4,4,4,5,5,5,4
R27,designer,img1_11,Wellness Horizon,naive,5,5,5,5,4,5,5,5,5,4,4,4,5,5,5,5,5,5,5,5
R27,designer,img1_12,Wellness Horizon,prompt_eng,5,4,5,5,5,5,4,5,5,5,4,4,4,5,5,4,4,4,5,4
R28,developer,img1_1,Eco Harvest,netai,4,3,4,4,3,3,4,3,4,4,3,4,3,4,4,5,4,5,3,3
R28,developer,img1_2,Eco Harvest,prompt_eng,5,4,4,5,5,4,4,5,5,5,5,5,4,5,5,5,5,5,5,5
R28,developer,img1_3,Eco Harvest,naive,2,2,3,2,2,2,2,3,2,2,2,2,3,2,1,2,2,1,2,2
R28,developer,img1_4,Quantum Logistics,prompt_eng,4,3,3,4,4,5,4,4,3,4,4,3,4,4,3,4,3,4,4,4
R28,developer,img1_5,Quantum Logistics,netai,5,4,5,5,5,4,5,5,5,5,4,4,5,5,5,5,5,5,5,5
R28,developer,img1_6,Quantum Logistics,naive,1,2,2,1,1,2,1,2,1,1,1,1,1,2,1,2,1,1,1,1
R28,developer,img1_7,Sentinel Cybershield,naive,4,4,5,5,4,4,5,5,4,5,5,4,4,5,4,5,5,4,4,4
R28,developer,img1_8,Sentinel Cybershield,prompt_eng,2,2,1,2,2,2,2,1,2,2,2,2,1,2,2,2,1,1,1,2
R28,developer,img1_9,Sentinel Cybershield,netai,5,5,4,4,4,5,4,5,5,5,5,4,4,5,4,4,5,5,5,5
R28,developer,img1_10,Wellness Horizon,netai,4,5,5,4,5,5,4,5,5,5,5,5,4,5,4,5,4,5,5,4
R28,developer,img1_11,Wellness Horizon,naive,2,3,2,1,2,2,1,1,2,2,2,2,1,2,1,2,1,1,1,2
R28,developer,img1_12,Wellness Horizon,prompt_eng,3,2,2,2,2,3,2,3,2,2,2,2,1,1,1,2,1,1,2,2
R29,other,img1_1,Eco Harvest,netai,4,5,5,5,5,4,4,5,5,4,4,4,5,5,5,5,4,5,5,4
R29,other,img1_2,Eco Harvest,prompt_eng,3,4,4,5,4,4,5,5,4,4,4,4,5,4,5,5,5,4,4,4
R29,other,img1_3,Eco Harvest,naive,4,4,5,5,5,5,4,4,4,5,5,5,5,4,5,4,5,5,5,4
R29,other,img1_4,Quantum Logistics,prompt_eng,3,4,3,4,5,4,4,4,5,4,4,4,4,4,4,4,4,4,5,5
R29,other,img1_5,Quantum Logistics,netai,5,5,4,5,5,5,4,5,5,5,4,4,5,5,5,5,4,5,5,5
R29,other,img1_6,Quantum Logistics,naive,4,4,4,4,4,5,4,3,4,5,4,4,4,3,4,5,4,4,4,4
R29,other,img1_7,Sentinel Cybershield,naive,4,4,5,4,4,4,5,4,4,4,4,4,4,4,5,4,5,5,5,4
R29,other,img1_8,Sentinel Cybershield,prompt_eng,3,3,4,3,4,4,4,5,4,4,4,4,4,4,5,5,4,4,4,4
R29,other,img1_9,Sentinel Cybershield,netai,5,5,4,5,5,4,4,5,4,5,5,4,4,4,5,4,5,5,5,4
R29,other,img1_10,Wellness Horizon,netai,5,5,5,5,5,4,5,5,5,5,5,5,4,5,5,4,5,5,4,5
R29,other,img1_11,Wellness Horizon,naive,4,4,5,5,4,4,4,5,4,4,5,4,4,4,5,5,4,4,4,4
R29,other,img1_12,Wellness Horizon,prompt_eng,3,4,3,3,4,4,4,3,4,4,4,4,4,3,4,4,4,4,3,4
R30,other,img1_1,Eco Harvest,netai,2,3,4,3,3,2,3,3,4,3,3,3,2,3,3,3,4,4,3,4
R30,other,img1_2,Eco Harvest,prompt_eng,2,3,3,3,4,3,3,2,4,4,3,3,4,4,3,4,4,4,4,4
R30,other,img1_3,Eco Harvest,naive,4,3,4,3,4,4,4,4,3,4,4,3,4,3,3,4,3,4,4,3
R30,other,img1_4,Quantum Logistics,prompt_eng,3,3,4,4,4,4,3,4,4,3,4,3,4,3,4,4,3,4,3,3
R30,other,img1_5,Quantum Logistics,netai,4,4,3,4,3,4,3,4,3,4,4,3,4,3,5,5,4,4,4,4
R30,other,img1_6,Quantum Logistics,naive,4,3,3,4,4,4,3,3,4,4,4,4,4,5,4,4,4,4,4,4
R30,other,img1_7,Sentinel Cybershield,naive,4,4,3,4,3,4,3,4,3,4,4,4,4,3,4,4,4,3,4,4
R30,other,img1_8,Sentinel Cybershield,prompt_eng,4,3,4,4,4,4,3,4,3,5,5,4,3,4,5,5,4,5,4,5
R30,other,img1_9,Sentinel Cybershield,netai,5,4,3,4,5,4,3,5,3,5,3,4,5,4,5,5,4,3,4,4
R30,other,img1_10,Wellness Horizon,netai,3,4,4,3,3,4,4,5,5,4,4,4,3,4,5,5,4,5,5,5
R30,other,img1_11,Wellness Horizon,naive,5,4,4,5,5,4,5,4,3,4,4,3,4,4,5,4,3,3,4,5
R30,other,img1_12,Wellness Horizon,prompt_eng,3,3,3,3,4,3,4,4,4,3,5,4,3,4,5,3,4,3,4,4
R31,developer,img1_1,Eco Harvest,netai,5,4,5,5,5,5,5,4,5,4,5,5,5,4,5,5,4,5,5,4
R31,developer,img1_2,Eco Harvest,prompt_eng,5,5,5,5,5,5,4,5,5,5,5,5,5,5,5,5,5,5,5,5
R31,developer,img1_3,Eco Harvest,naive,5,5,5,5,4,5,5,5,5,5,5,4,5,4,5,5,5,5,5,4
R31,developer,img1_4,Quantum Logistics,prompt_eng,5,4,3,4,5,5,5,5,5,5,5,4,5,5,5,5,4,5,5,4
R31,developer,img1_5,Quantum Logistics,netai,5,4,5,4,5,5,4,5,5,5,5,5,5,5,5,5,5,5,5,5
R31,developer,img1_6,Quantum Logistics,naive,5,5,4,5,5,5,4,5,4,5,5,4,5,4,5,5,4,5,5,5
R31,developer,img1_7,Sentinel Cybershield,naive,5,5,5,4,5,5,5,5,5,5,5,5,5,5,5,5,4,4,4,4
R31,developer,img1_8,Sentinel Cybershield,prompt_eng,4,5,4,5,4,5,4,5,5,5,5,5,5,5,5,5,5,5,5,5
R31,developer,img1_9,Sentinel Cybershield,netai,5,5,5,5,5,5,4,5,4,5,5,4,5,4,5,5,4,5,5,5
R31,developer,img1_10,Wellness Horizon,netai,5,4,5,4,5,4,5,4,5,4,5,4,5,4,5,5,5,5,5,3
R31,developer,img1_11,Wellness Horizon,naive,4,4,5,5,5,5,4,5,4,5,5,5,5,5,5,5,5,5,5,5
R31,developer,img1_12,Wellness Horizon,prompt_eng,5,5,5,5,5,5,4,5,4,5,5,5,5,5,5,5,5,5,5,5
R32,other,img1_1,Eco Harvest,netai,3,3,3,3,3,4,4,3,3,3,4,3,3,4,3,3,3,3,4,3
R32,other,img1_2,Eco Harvest,prompt_eng,4,4,4,4,4,4,4,4,4,4,4,4,3,3,3,3,3,3,4,4
R32,other,img1_3,Eco Harvest,naive,4,5,5,5,4,4,4,4,5,4,4,4,5,5,4,4,4,4,4,4
R32,other,img1_4,Quantum Logistics,prompt_eng,5,5,5,4,5,4,5,5,4,5,4,5,4,5,4,4,5,4,5,4
R32,other,img1_5,Quantum Logistics,netai,4,5,4,5,4,5,4,5,4,5,4,5,4,5,4,5,5,4,4,4
R32,other,img1_6,Quantum Logistics,naive,5,5,4,5,5,4,5,5,4,5,5,4,5,4,5,4,5,5,4,5
R32,other,img1_7,Sentinel Cybershield,naive,3,3,4,4,4,4,3,4,4,4,4,5,4,4,4,4,5,4,5,4
R32,other,img1_8,Sentinel Cybershield,prompt_eng,4,4,4,4,4,4,4,4,4,4,4,4,4,5,4,4,4,3,3,3
R32,other,img1_9,Sentinel Cybershield,netai,4,4,3,4,4,3,4,5,4,4,5,4,3,4,4,4,4,4,4,4
R32,other,img1_12,Wellness Horizon,prompt_eng,4,4,4,4,4,4,4,4,4,4,4,4,4,4,4,4,4,4,4,4
R32,other,img1_11,Wellness Horizon,naive,4,4,4,4,4,4,4,4,4,4,4,4,4,4,4,4,4,4,4,4
R32,other,img1_10,Wellness Horizon,netai,4,4,4,4,4,4,4,4,4,4,4,4,4,4,4,4,4,4,4,4
R33,developer,img1_1,Eco Harvest,netai,4,3,3,3,4,3,3,3,3,4,3,4,4,4,3,4,3,4,4,3
R33,developer,img1_2,Eco Harvest,prompt_eng,3,4,3,3,4,4,3,4,3,4,4,4,4,4,3,3,4,4,3,4
R33,developer,img1_3,Eco Harvest,naive,2,2,2,2,2,2,2,2,2,2,2,3,3,3,3,3,3,3,3,1
R33,developer,img1_4,Quantum Logistics,prompt_eng,3,3,4,4,4,3,3,3,3,3,3,3,3,3,3,3,3,3,3,3
R33,developer,img1_5,Quantum Logistics,netai,5,4,4,4,5,5,4,4,4,5,5,4,4,4,4,5,4,4,4,4
R33,developer,img1_6,Quantum Logistics,naive,1,1,1,1,1,1,1,1,1,1,1,1,1,2,1,1,1,1,2,1
R33,developer,img1_7,Sentinel Cybershield,naive,3,3,3,3,3,4,3,3,3,3,4,3,3,3,3,3,3,3,3,3
R33,developer,img1_8,Sentinel Cybershield,prompt_eng,1,2,2,1,2,3,3,2,2,2,3,3,2,3,2,3,2,2,2,2
R33,developer,img1_9,Sentinel Cybershield,netai,3,3,4,4,3,3,3,3,3,4,4,3,3,3,3,4,4,3,4,3
R33,developer,img1_10,Wellness Horizon,netai,2,3,3,2,3,3,2,3,3,3,3,4,2,4,3,3,3,3,3,3
R33,developer,img1_11,Wellness Horizon,naive,3,4,3,2,3,3,3,3,3,4,3,3,3,3,3,3,4,3,3,2
R33,developer,img1_12,Wellness Horizon,prompt_eng,1,2,1,1,2,3,2,2,2,2,2,2,2,2,2,2,2,3,2,2
R34,developer,img1_1,Eco Harvest,netai,3,4,4,3,4,4,4,4,4,4,4,5,5,4,4,4,5,4,4,4
R34,developer,img1_2,Eco Harvest,prompt_eng,5,4,5,5,4,5,4,5,5,5,3,4,4,4,3,4,5,5,4,5
R34,developer,img1_3,Eco Harvest,naive,3,4,4,4,3,4,4,3,5,4,4,5,5,5,5,4,4,5,5,4
R34,developer,img1_4,Quantum Logistics,prompt_eng,4,4,5,4,4,4,5,4,5,5,4,5,4,5,4,4,4,4,4,5
R34,developer,img1_5,Quantum Logistics,netai,3,4,5,4,3,5,5,5,4,5,4,4,5,4,3,4,5,4,5,5
R34,developer,img1_6,Quantum Logistics,naive,4,5,4,5,5,4,5,5,5,4,5,5,4,5,4,4,4,3,5,5
R34,developer,img1_7,Sentinel Cybershield,naive,4,4,5,4,3,4,3,5,4,5,3,4,5,3,5,4,3,5,5,4
R34,developer,img1_8,Sentinel Cybershield,prompt_eng,4,4,3,5,5,4,4,5,4,3,3,5,5,4,5,4,5,4,5,3
R34,developer,img1_9,Sentinel Cybershield,netai,4,5,4,5,4,5,3,5,4,5,4,4,4,5,4,4,4,5,4,5
R34,developer,img1_12,Wellness Horizon,prompt_eng,5,5,3,4,4,4,5,5,4,4,4,4,5,4,3,5,4,4,4,5
R34,developer,img1_11,Wellness Horizon,naive,5,5,5,5,4,5,4,4,5,5,5,4,4,4,5,4,5,4,5,5
R34,developer,img1_10,Wellness Horizon,netai,5,5,4,4,5,5,3,3,4,5,5,4,5,5,5,5,4,5,4,5
R35,designer,img1_1,Eco Harvest,netai,4,4,3,3,4,4,3,4,4,3,3,4,3,4,4,4,5,4,4,4
R35,designer,img1_2,Eco Harvest,prompt_eng,5,4,4,3,3,4,3,3,4,4,4,3,4,4,3,5,4,5,4,4
R35,designer,img1_3,Eco Harvest,naive,3,4,4,4,3,4,4,3,4,4,3,3,4,4,4,4,3,3,4,4
R35,designer,img1_4,Quantum Logistics,prompt_eng,4,5,4,3,5,5,4,2,3,4,3,4,2,3,4,4,3,3,4,5
R35,designer,img1_5,Quantum Logistics,netai,5,5,4,5,5,5,3,3,4,5,5,4,4,3,4,3,4,3,5,5
R35,designer,img1_6,Quantum Logistics,naive,4,5,5,4,3,4,3,3,4,5,4,3,5,5,4,5,3,4,5,4
R35,designer,img1_9,Sentinel Cybershield,netai,5,4,5,5,4,5,4,5,5,5,4,4,4,4,3,4,3,5,4,4
R35,designer,img1_7,Sentinel Cybershield,naive,5,4,2,2,3,4,3,2,2,3,3,4,4,3,3,3,5,4,5,5
R35,designer,img1_8,Sentinel Cybershield,prompt_eng,4,4,4,3,3,4,3,3,5,4,4,4,3,3,3,2,3,3,4,5
R35,designer,img1_10,Wellness Horizon,netai,5,5,5,5,5,5,4,3,4,5,4,4,5,4,5,4,5,5,5,5
R35,designer,img1_11,Wellness Horizon,naive,5,5,4,4,5,5,3,3,4,5,5,4,3,3,5,5,4,4,3,5
R35,designer,img1_12,Wellness Horizon,prompt_eng,2,5,3,3,2,4,3,3,4,2,4,3,5,5,4,4,3,5,4,4
R36,other,img1_1,Eco Harvest,netai,5,5,5,5,5,5,5,3,5,5,5,5,4,5,5,5,5,4,4,3
R36,other,img1_2,Eco Harvest,prompt_eng,2,4,3,2,5,4,5,1,3,4,3,3,4,5,4,4,3,2,3,2
R36,other,img1_3,Eco Harvest,naive,1,2,2,1,1,1,1,1,2,2,1,2,3,5,2,1,1,1,1,1
R36,other,img1_4,Quantum Logistics,prompt_eng,4,5,5,4,5,5,5,3,3,4,5,5,4,5,5,4,5,3,3,4
R36,other,img1_5,Quantum Logistics,netai,5,3,4,2,5,5,5,2,3,4,5,5,4,4,5,4,5,4,3,3
R36,other,img1_6,Quantum Logistics,naive,4,3,3,2,3,2,3,2,2,3,2,2,4,5,3,3,2,3,3,2
R36,other,img1_7,Sentinel Cybershield,naive,5,5,4,5,5,4,5,4,4,5,5,5,4,4,5,5,4,4,5,4
R36,other,img1_8,Sentinel Cybershield,prompt_eng,4,4,4,4,3,4,4,2,3,3,4,4,4,5,4,4,4,4,3,3
R36,other,img1_9,Sentinel Cybershield,netai,5,5,5,5,5,4,5,5,5,4,5,5,4,5,5,5,4,4,5,4
R36,other,img1_10,Wellness Horizon,netai,5,5,5,5,5,4,5,3,5,5,5,5,4,5,5,5,5,4,4,3
R36,other,img1_11,Wellness Horizon,naive,3,3,2,2,5,2,3,2,2,2,2,3,3,5,4,3,3,3,3,2
R36,other,img1_12,Wellness Horizon,prompt_eng,5,3,5,2,3,2,2,1,2,1,3,2,4,5,2,2,2,1,1,1
R37,designer,img1_1,Eco Harvest,netai,3,2,4,2,3,4,2,4,4,4,2,5,3,4,3,3,4,4,2,3
R37,designer,img1_2,Eco Harvest,prompt_eng,4,2,4,3,2,4,4,3,3,3,5,2,3,3,4,4,4,3,4,3
R37,designer,img1_3,Eco Harvest,naive,2,2,3,3,2,3,4,3,2,3,2,3,3,3,4,2,3,3,3,4
R37,designer,img1_4,Quantum Logistics,prompt_eng,4,3,4,3,3,3,4,2,4,2,3,4,2,4,3,4,3,4,3,4
R37,designer,img1_5,Quantum Logistics,netai,4,3,5,3,3,3,3,2,3,3,4,2,4,3,4,3,2,3,4,3
R37,designer,img1_6,Quantum Logistics,naive,4,3,3,3,4,3,4,3,2,4,3,4,2,4,3,3,2,3,3,4
R37,designer,img1_7,Sentinel Cybershield,naive,4,5,4,5,3,4,4,3,4,3,3,4,3,3,3,4,2,4,2,4
R37,designer,img1_8,Sentinel Cybershield,prompt_eng,4,3,3,2,4,2,4,4,4,3,2,3,2,3,4,3,4,3,3,2
R37,designer,img1_9,Sentinel Cybershield,netai,2,3,2,3,2,1,2,1,3,1,2,2,1,4,3,3,1,2,3,1
R37,designer,img1_10,Wellness Horizon,netai,3,4,4,4,3,3,4,3,2,4,3,3,4,2,4,3,4,4,3,4
R37,designer,img1_11,Wellness Horizon,naive,4,3,2,3,3,4,4,5,1,1,3,4,3,4,3,2,4,4,3,4
R37,designer,img1_12,Wellness Horizon,prompt_eng,4,3,2,4,2,4,4,3,3,4,3,4,2,4,4,3,3,4,2,3
R38,other,img1_1,Eco Harvest,netai,3,3,4,4,3,4,3,4,4,4,4,5,5,4,4,4,4,4,4,4
R38,other,img1_2,Eco Harvest,prompt_eng,4,4,4,4,4,4,4,4,4,3,3,4,4,5,3,4,4,5,3,3
R38,other,img1_3,Eco Harvest,naive,4,3,3,4,4,5,5,4,4,4,4,4,5,5,4,4,4,4,3,5
R38,other,img1_4,Quantum Logistics,prompt_eng,4,4,4,3,5,3,2,4,5,5,4,4,3,5,5,3,4,4,5,5
R38,other,img1_5,Quantum Logistics,netai,4,4,4,5,5,4,5,5,5,5,5,4,4,5,5,4,3,3,5,4
R38,other,img1_6,Quantum Logistics,naive,4,4,5,3,4,4,4,4,4,5,4,4,4,5,4,4,4,4,5,5
R38,other,img1_9,Sentinel Cybershield,netai,4,4,4,4,4,5,5,5,4,4,4,4,5,4,5,5,5,3,4,4
R38,other,img1_8,Sentinel Cybershield,prompt_eng,5,5,4,5,4,5,3,5,5,5,4,5,3,3,4,4,3,4,4,3
R38,other,img1_7,Sentinel Cybershield,naive,4,4,5,5,4,5,5,4,4,4,5,5,5,5,4,4,4,5,5,4
R38,other,img1_12,Wellness Horizon,prompt_eng,5,5,4,4,4,4,4,5,4,4,4,4,4,3,4,5,5,5,5,4
R38,other,img1_11,Wellness Horizon,naive,5,5,4,4,4,3,3,5,4,4,4,4,3,3,4,5,5,5,4,4
R38,other,img1_10,Wellness Horizon,netai,4,4,4,4,5,5,5,3,4,4,4,4,3,3,4,4,4,5,4,4
R39,other,img1_1,Eco Harvest,netai,4,4,5,5,4,5,5,4,5,4,4,4,4,5,4,5,4,5,4,5
R39,other,img1_2,Eco Harvest,prompt_eng,3,4,4,4,4,4,3,3,4,4,5,5,5,5,4,3,3,3,3,5
R39,other,img1_3,Eco Harvest,naive,3,4,4,5,4,4,4,4,4,4,5,5,4,5,3,3,3,3,3,3
R39,other,img1_4,Quantum Logistics,prompt_eng,5,5,4,5,4,5,4,5,4,4,5,5,5,4,5,4,4,4,4,3
R39,other,img1_5,Quantum Logistics,netai,5,5,5,4,5,5,5,5,4,5,5,5,4,5,5,4,5,5,4,4
R39,other,img1_6,Quantum Logistics,naive,3,4,4,3,4,5,4,4,3,5,4,4,5,4,4,4,5,3,3,3
R39,other,img1_7,Sentinel Cybershield,naive,4,3,4,3,4,4,5,5,4,4,4,5,4,5,4,4,4,3,3,3
R39,other,img1_8,Sentinel Cybershield,prompt_eng,3,3,3,4,3,3,3,4,4,4,5,4,4,3,3,3,3,4,3,3
R39,other,img1_9,Sentinel Cybershield,netai,5,4,4,4,5,4,4,5,4,5,5,4,5,4,5,4,4,5,4,5
R39,other,img1_10,Wellness Horizon,netai,4,4,3,4,4,4,4,3,4,4,4,3,4,4,4,4,4,4,3,4
R39,other,img1_11,Wellness Horizon,naive,2,3,3,3,3,3,4,4,3,4,5,3,4,3,3,2,2,2,2,3
R39,other,img1_12,Wellness Horizon,prompt_eng,2,2,2,2,2,2,3,4,3,3,3,3,3,4,3,2,2,2,3,2
R40,developer,img1_1,Eco Harvest,netai,4,4,4,3,3,4,3,3,4,4,3,4,3,4,4,4,4,3,4,3
R40,developer,img1_2,Eco Harvest,prompt_eng,4,5,5,4,5,4,4,3,4,3,4,5,3,4,3,5,4,4,4,4
R40,developer,img1_3,Eco Harvest,naive,4,4,3,4,3,4,4,4,4,3,4,3,4,3,4,4,3,4,3,5
R40,developer,img1_4,Quantum Logistics,prompt_eng,5,4,4,4,5,5,4,4,5,5,5,4,4,4,4,5,5,4,4,4
R40,developer,img1_5,Quantum Logistics,netai,5,4,5,4,4,3,5,4,4,4,4,4,3,3,4,4,5,3,4,4
R40,developer,img1_6,Quantum Logistics,naive,4,4,3,4,3,5,4,4,5,5,4,5,4,4,4,5,4,4,4,5
R40,developer,img1_9,Sentinel Cybershield,netai,4,4,4,5,5,4,4,5,4,4,4,4,4,5,5,4,5,4,4,5
R40,developer,img1_8,Sentinel Cybershield,prompt_eng,5,4,4,4,4,4,5,4,4,5,4,4,5,4,4,4,4,4,4,5
R40,developer,img1_7,Sentinel Cybershield,naive,4,4,4,5,4,4,4,5,4,4,4,4,5,4,4,5,5,5,4,5
R40,developer,img1_12,Wellness Horizon,prompt_eng,4,5,5,4,5,4,4,5,4,4,4,5,4,4,4,4,4,4,4,5
R40,developer,img1_11,Wellness Horizon,naive,4,4,4,5,5,4,4,5,5,4,4,4,4,5,5,4,4,4,4,5
R40,developer,img1_10,Wellness Horizon,netai,5,4,4,4,4,4,4,5,5,5,4,4,5,5,5,4,4,4,5,5
R41,other,img1_1,Eco Harvest,netai,5,5,5,5,5,5,5,5,5,5,5,5,5,5,5,5,5,5,5,5
R41,other,img1_2,Eco Harvest,prompt_eng,5,5,5,5,5,5,5,5,5,5,5,5,5,5,5,5,5,5,5,5
R41,other,img1_3,Eco Harvest,naive,5,5,5,5,5,5,5,5,5,5,5,5,5,5,5,5,5,5,5,5
R41,other,img1_4,Quantum Logistics,prompt_eng,5,5,5,5,5,5,5,5,5,5,5,5,5,5,5,5,5,5,5,5
R41,other,img1_5,Quantum Logistics,netai,5,5,5,5,5,5,5,5,5,5,5,5,5,5,5,5,5,5,5,5
R41,other,img1_6,Quantum Logistics,naive,5,5,5,5,5,5,5,5,5,5,5,5,5,5,5,5,5,5,5,5
R41,other,img1_7,Sentinel Cybershield,naive,5,5,5,5,5,5,5,5,5,5,5,5,5,5,5,5,5,5,5,5
R41,other,img1_8,Sentinel Cybershield,prompt_eng,5,5,5,5,5,5,5,5,5,5,5,5,5,5,5,5,5,5,5,5
R41,other,img1_9,Sentinel Cybershield,netai,5,5,5,5,5,5,5,5,5,5,5,5,5,5,5,5,5,5,5,5
R41,other,img1_10,Wellness Horizon,netai,5,5,5,5,5,5,5,5,5,5,5,5,5,5,5,5,5,5,5,5
R41,other,img1_11,Wellness Horizon,naive,5,5,5,5,5,5,5,5,5,5,5,5,5,5,5,5,5,5,5,5
R41,other,img1_12,Wellness Horizon,prompt_eng,5,5,5,5,5,5,5,5,5,5,5,5,5,5,5,5,5,5,5,5
R42,developer,img1_1,Eco Harvest,netai,2,3,3,3,4,1,3,4,5,3,2,3,4,2,3,4,4,4,2,4
R42,developer,img1_2,Eco Harvest,prompt_eng,3,4,3,3,4,3,3,2,3,3,3,3,4,4,5,5,5,5,5,5
R42,developer,img1_3,Eco Harvest,naive,2,3,4,5,4,3,4,5,5,5,4,4,4,3,2,3,3,4,4,4
R42,developer,img1_4,Quantum Logistics,prompt_eng,4,4,3,3,4,5,5,5,5,5,4,3,2,3,3,3,2,2,3,3
R42,developer,img1_5,Quantum Logistics,netai,3,3,4,4,5,5,5,5,4,5,5,4,4,4,5,5,4,3,2,1
R42,developer,img1_6,Quantum Logistics,naive,1,2,3,4,5,5,4,5,3,4,4,4,3,3,4,4,4,5,5,5
R42,developer,img1_7,Sentinel Cybershield,naive,2,2,3,4,4,4,4,5,5,5,5,5,5,5,5,4,4,5,3,3
R42,developer,img1_8,Sentinel Cybershield,prompt_eng,3,2,2,2,3,2,3,4,2,3,2,3,3,3,3,2,3,3,3,3
R42,developer,img1_9,Sentinel Cybershield,netai,2,3,3,3,3,3,3,3,3,3,3,4,4,4,4,4,4,3,2,1
R42,developer,img1_10,Wellness Horizon,netai,2,2,3,3,3,3,3,3,3,4,4,5,5,4,4,4,4,3,4,4
R42,developer,img1_11,Wellness Horizon,naive,4,4,5,5,4,4,5,5,3,2,3,3,4,4,4,4,4,3,3,3
R42,developer,img1_12,Wellness Horizon,prompt_eng,4,4,3,3,3,3,3,3,3,3,4,1,2,3,5,5,5,5,5,5
R43,business,img1_1,Eco Harvest,netai,4,4,4,4,4,4,3,4,4,3,4,3,4,4,5,4,4,4,4,3
R43,business,img1_2,Eco Harvest,prompt_eng,3,3,3,3,3,4,3,3,3,2,3,2,3,3,2,2,3,3,3,2
R43,business,img1_3,Eco Harvest,naive,3,3,2,2,2,2,1,2,2,1,2,2,1,2,2,1,1,1,1,1
R43,business,img1_4,Quantum Logistics,prompt_eng,4,4,5,4,4,4,4,5,4,4,4,4,3,4,2,4,3,3,2,2
R43,business,img1_5,Quantum Logistics,netai,3,4,5,4,5,5,4,5,4,5,4,4,4,4,3,5,4,4,3,3
R43,business,img1_6,Quantum Logistics,naive,2,3,2,2,3,2,2,2,2,2,2,1,1,2,2,1,1,1,1,1
R43,business,img1_7,Sentinel Cybershield,naive,3,3,4,4,4,3,4,3,3,4,4,3,3,2,4,3,3,3,2,2
R43,business,img1_8,Sentinel Cybershield,prompt_eng,2,3,3,2,3,3,2,2,2,2,2,2,1,2,2,2,1,1,1,1
R43,business,img1_9,Sentinel Cybershield,netai,3,3,4,4,4,4,4,5,4,4,4,5,3,1,3,4,4,4,4,2
R43,business,img1_10,Wellness Horizon,netai,5,4,4,4,4,4,3,4,4,3,4,3,3,2,3,4,4,4,4,2
R43,business,img1_11,Wellness Horizon,naive,3,3,3,2,3,2,3,3,3,2,2,2,1,2,2,2,3,2,2,1
R43,business,img1_12,Wellness Horizon,prompt_eng,3,4,3,4,3,3,3,2,3,2,4,3,2,2,2,3,3,2,2,2
R44,developer,img1_1,Eco Harvest,netai,3,5,4,4,5,5,5,3,4,3,5,5,4,5,5,3,4,4,3,4
R44,developer,img1_2,Eco Harvest,prompt_eng,4,3,5,3,4,5,4,3,4,4,5,3,4,3,5,5,5,3,5,4
R44,developer,img1_3,Eco Harvest,naive,4,5,3,4,4,5,4,5,4,4,5,4,3,4,4,5,5,4,4,5
R44,developer,img1_4,Quantum Logistics,prompt_eng,5,4,3,4,5,5,4,5,3,5,5,4,4,4,5,5,4,4,5,5
R44,developer,img1_5,Quantum Logistics,netai,5,5,5,5,5,4,5,4,4,5,5,5,3,4,4,5,4,3,4,4
R44,developer,img1_6,Quantum Logistics,naive,2,3,3,2,3,4,3,2,4,3,5,4,3,4,4,4,3,3,4,4
R44,developer,img1_7,Sentinel Cybershield,naive,5,4,4,4,5,4,3,3,4,4,5,4,3,4,4,5,4,4,3,4
R44,developer,img1_8,Sentinel Cybershield,prompt_eng,5,3,4,4,4,5,4,3,4,4,4,4,3,3,4,4,4,3,3,3
R44,developer,img1_9,Sentinel Cybershield,netai,5,5,4,5,5,4,4,4,5,4,5,4,4,5,5,5,4,4,3,4
R44,developer,img1_10,Wellness Horizon,netai,5,4,4,3,4,5,4,4,4,3,5,4,4,5,4,5,4,4,3,4
R44,developer,img1_11,Wellness Horizon,naive,5,4,4,4,4,5,4,4,3,4,5,5,4,4,4,5,4,3,4,4
R44,developer,img1_12,Wellness Horizon,prompt_eng,5,5,4,4,5,5,5,4,4,5,5,4,4,4,5,5,4,4,4,4
R45,other,img1_1,Eco Harvest,netai,5,5,5,5,5,4,5,5,5,5,5,5,5,5,5,5,5,5,5,5
R45,other,img1_2,Eco Harvest,prompt_eng,5,5,5,5,5,5,5,5,5,5,5,5,5,5,5,3,4,5,3,5
R45,other,img1_3,Eco Harvest,naive,5,5,5,5,5,5,5,5,5,3,5,3,5,5,2,3,5,5,5,4
R45,other,img1_4,Quantum Logistics,prompt_eng,5,5,5,4,5,4,5,5,5,4,5,3,5,4,2,5,5,5,5,5
R45,other,img1_5,Quantum Logistics,netai,5,5,5,4,5,4,5,3,4,5,4,3,5,4,2,5,5,5,3,4
R45,other,img1_6,Quantum Logistics,naive,5,5,5,5,5,4,5,4,4,3,5,3,5,4,2,3,5,5,5,4
R45,other,img1_7,Sentinel Cybershield,naive,3,4,4,3,4,4,4,4,3,4,4,3,5,4,2,2,4,5,4,4
R45,other,img1_8,Sentinel Cybershield,prompt_eng,3,4,4,4,2,5,5,4,5,3,5,3,5,4,2,5,4,5,4,5
R45,other,img1_9,Sentinel Cybershield,netai,5,4,5,4,5,5,4,4,4,4,5,4,5,4,2,5,5,3,4,5
R45,other,img1_10,Wellness Horizon,netai,5,5,5,5,5,5,5,5,5,5,5,5,5,5,5,5,5,5,5,5
R45,other,img1_11,Wellness Horizon,naive,5,5,5,5,5,5,5,5,5,5,5,5,5,5,5,5,5,5,5,5
R45,other,img1_12,Wellness Horizon,prompt_eng,5,5,5,5,5,5,5,5,5,5,5,5,5,5,5,5,5,5,5,5
R46,other,img1_1,Eco Harvest,netai,2,5,3,2,3,5,4,4,5,4,5,5,5,5,4,5,4,4,3,3
R46,other,img1_2,Eco Harvest,prompt_eng,1,3,1,1,1,4,3,3,3,3,5,4,5,5,4,4,4,3,2,2
R46,other,img1_3,Eco Harvest,naive,1,1,1,1,1,3,2,3,2,2,4,3,5,5,3,3,3,2,1,1
R46,other,img1_4,Quantum Logistics,prompt_eng,2,4,2,1,2,4,4,3,3,3,5,5,5,5,5,4,3,4,2,2
R46,other,img1_5,Quantum Logistics,netai,4,4,4,4,4,5,5,5,5,5,5,4,5,5,5,4,4,4,2,3
R46,other,img1_6,Quantum Logistics,naive,1,3,1,1,1,4,4,3,3,3,5,4,5,5,5,4,4,3,2,1
R46,other,img1_7,Sentinel Cybershield,naive,2,4,3,2,3,5,4,4,4,4,5,4,5,5,5,4,4,4,2,2
R46,other,img1_8,Sentinel Cybershield,prompt_eng,1,3,1,1,1,4,4,4,3,3,4,3,5,5,4,3,3,3,2,1
R46,other,img1_9,Sentinel Cybershield,netai,4,5,4,4,5,4,4,3,4,3,5,4,5,5,5,4,4,4,3,3
R46,other,img1_10,Wellness Horizon,netai,5,5,5,5,5,5,4,5,4,5,5,5,5,5,5,5,4,4,4,3
R46,other,img1_11,Wellness Horizon,naive,3,5,4,4,4,5,4,4,4,5,5,5,5,5,5,5,5,4,3,3
R46,other,img1_12,Wellness Horizon,prompt_eng,1,3,1,1,1,4,3,4,3,4,5,4,4,5,4,4,4,3,2,1
R47,other,img1_1,Eco Harvest,netai,3,4,5,4,5,4,4,4,4,4,4,4,4,4,4,5,5,5,4,5
R47,other,img1_2,Eco Harvest,prompt_eng,2,4,4,4,3,4,4,4,4,4,5,4,4,5,3,5,5,5,5,5
R47,other,img1_3,Eco Harvest,naive,3,3,2,2,3,3,3,4,4,3,3,3,3,3,3,4,4,4,4,4
R47,other,img1_4,Quantum Logistics,prompt_eng,5,5,5,5,5,5,5,5,5,5,5,5,5,5,5,5,4,5,5,5
R47,other,img1_5,Quantum Logistics,netai,5,5,5,5,5,5,5,5,5,5,5,5,5,5,5,4,4,4,4,5
R47,other,img1_6,Quantum Logistics,naive,3,3,3,3,3,3,3,3,4,4,4,4,4,5,4,3,4,4,3,3
R47,other,img1_7,Sentinel Cybershield,naive,5,5,4,5,5,4,4,5,5,5,4,5,5,5,5,5,5,5,5,5
R47,other,img1_8,Sentinel Cybershield,prompt_eng,4,4,3,4,4,4,4,4,4,4,4,4,4,5,5,4,4,4,4,4
R47,other,img1_9,Sentinel Cybershield,netai,4,5,4,5,5,4,4,4,4,5,5,5,5,5,5,4,4,4,4,5
R47,other,img1_10,Wellness Horizon,netai,5,5,5,5,5,5,5,5,5,5,5,5,5,5,5,5,5,5,5,5
R47,other,img1_11,Wellness Horizon,naive,4,4,4,3,3,3,3,3,3,4,4,4,4,4,4,4,4,4,4,4
R47,other,img1_12,Wellness Horizon,prompt_eng,4,4,4,5,5,4,5,5,4,4,4,4,5,5,5,4,4,4,3,3
R48,other,img1_1,Eco Harvest,netai,3,2,2,3,3,2,3,2,3,3,4,3,4,3,3,3,2,3,2,3
R48,other,img1_2,Eco Harvest,prompt_eng,3,2,3,3,2,2,4,3,4,2,2,3,2,3,2,3,2,3,2,3
R48,other,img1_3,Eco Harvest,naive,1,2,3,2,3,2,3,2,3,3,3,2,3,2,3,3,2,3,2,3
R48,other,img1_4,Quantum Logistics,prompt_eng,3,3,2,3,2,3,2,3,2,3,2,3,2,3,2,2,3,2,4,3
R48,other,img1_5,Quantum Logistics,netai,3,2,3,3,2,3,2,3,2,3,2,3,2,4,3,2,3,2,4,2
R48,other,img1_6,Quantum Logistics,naive,3,2,3,4,3,2,3,2,3,2,2,3,3,2,3,2,2,3,2,3
R48,other,img1_7,Sentinel Cybershield,naive,3,3,2,4,2,2,4,2,4,2,2,3,2,4,2,3,2,2,3,2
R48,other,img1_8,Sentinel Cybershield,prompt_eng,2,4,2,4,2,3,2,3,2,3,3,2,3,2,3,3,2,3,2,3
R48,other,img1_9,Sentinel Cybershield,netai,2,3,2,3,2,3,3,2,4,3,3,2,3,2,3,3,2,3,2,3
R48,other,img1_10,Wellness Horizon,netai,3,3,4,2,3,2,3,3,2,3,3,3,3,3,2,2,3,2,3,2
R48,other,img1_11,Wellness Horizon,naive,2,2,2,1,2,2,1,2,2,2,2,2,3,2,3,2,2,3,2,3
R48,other,img1_12,Wellness Horizon,prompt_eng,2,3,2,3,2,2,3,2,3,3,2,2,3,2,3,2,2,2,3,2
R49,business,img1_1,Eco Harvest,netai,4,4,4,3,5,3,3,2,3,4,4,3,3,5,4,3,4,4,3,3
R49,business,img1_2,Eco Harvest,prompt_eng,1,2,3,3,3,1,2,2,2,3,4,3,3,5,2,1,2,1,1,1
R49,business,img1_3,Eco Harvest,naive,1,2,2,2,2,2,2,1,1,1,3,2,3,4,1,1,1,1,1,1
R49,business,img1_4,Quantum Logistics,prompt_eng,3,3,3,3,4,3,3,3,3,2,3,3,3,5,1,2,2,2,1,2
R49,business,img1_5,Quantum Logistics,netai,5,4,5,4,5,4,5,5,4,5,4,4,4,5,5,4,5,4,4,4
R49,business,img1_6,Quantum Logistics,naive,1,2,2,1,2,2,2,1,2,1,2,2,2,4,2,2,1,1,1,2
R49,business,img1_7,Sentinel Cybershield,naive,3,3,4,4,4,3,2,2,3,3,3,3,3,4,2,2,3,3,2,2
R49,business,img1_8,Sentinel Cybershield,prompt_eng,1,1,1,2,3,1,2,1,1,2,2,2,2,4,1,1,1,1,1,1
R49,business,img1_9,Sentinel Cybershield,netai,4,2,2,3,5,4,4,4,4,4,4,4,5,5,5,4,4,4,4,5
R49,business,img1_10,Wellness Horizon,netai,5,4,4,4,5,3,4,4,4,3,4,5,4,5,4,5,5,4,5,5
R49,business,img1_11,Wellness Horizon,naive,2,2,2,2,2,3,1,2,2,2,2,2,2,4,1,2,3,2,3,2
R49,business,img1_12,Wellness Horizon,prompt_eng,3,2,3,3,3,4,2,2,2,2,2,2,2,3,2,2,2,2,2,2
R50,other,img1_1,Eco Harvest,netai,3,4,4,4,5,4,4,4,4,3,3,4,4,4,3,4,5,5,5,5
R50,other,img1_2,Eco Harvest,prompt_eng,4,4,5,5,4,4,4,2,2,4,4,3,3,5,5,5,4,4,5,5
R50,other,img1_3,Eco Harvest,naive,4,3,4,5,2,5,4,4,5,4,5,5,5,4,4,4,5,3,4,5
R50,other,img1_4,Quantum Logistics,prompt_eng,4,4,5,3,3,3,4,5,2,4,3,4,3,5,4,4,4,5,4,4
R50,other,img1_5,Quantum Logistics,netai,5,5,5,5,4,4,4,3,5,4,3,5,5,4,4,4,5,5,5,5
R50,other,img1_6,Quantum Logistics,naive,3,2,4,4,5,4,5,4,5,4,3,4,5,5,4,4,3,4,4,5
R50,other,img1_7,Sentinel Cybershield,naive,5,4,4,5,4,5,4,4,5,4,5,4,4,4,5,4,3,4,4,5
R50,other,img1_8,Sentinel Cybershield,prompt_eng,4,4,5,5,4,4,4,5,3,3,3,4,5,4,4,4,4,5,5,4
R50,other,img1_9,Sentinel Cybershield,netai,5,4,5,5,3,3,4,4,4,4,4,5,4,5,5,4,5,5,4,4
R50,other,img1_10,Wellness Horizon,netai,4,5,4,4,5,3,3,2,4,5,2,4,3,4,3,4,3,5,5,3
R50,other,img1_11,Wellness Horizon,naive,4,5,4,5,4,3,4,5,3,4,3,4,4,5,4,3,3,4,5,4
R50,other,img1_12,Wellness Horizon,prompt_eng,5,4,4,5,4,4,3,4,4,5,4,5,5,4,5,3,4,3,5,4
R51,other,img1_1,Eco Harvest,netai,5,3,4,4,5,4,4,5,5,5,5,4,4,5,5,5,4,5,4,4
R51,other,img1_2,Eco Harvest,prompt_eng,5,3,3,5,5,4,4,5,5,5,5,5,4,4,5,5,4,4,4,4
R51,other,img1_3,Eco Harvest,naive,5,4,4,4,5,5,4,5,4,4,4,4,4,4,5,5,5,5,5,5
R51,other,img1_4,Quantum Logistics,prompt_eng,5,4,4,4,5,5,4,4,4,5,5,4,4,4,5,5,4,5,4,5
R51,other,img1_5,Quantum Logistics,netai,5,5,5,3,5,5,4,4,4,5,5,4,4,4,5,5,4,4,4,5
R51,other,img1_6,Quantum Logistics,naive,5,4,4,4,5,5,4,4,4,5,5,4,4,4,5,5,4,4,4,5
R51,other,img1_7,Sentinel Cybershield,naive,5,4,4,4,5,5,4,4,4,5,5,4,4,4,5,5,4,5,5,5
R51,other,img1_8,Sentinel Cybershield,prompt_eng,5,4,4,4,5,5,4,4,4,5,5,4,4,5,5,5,4,5,5,5
R51,other,img1_9,Sentinel Cybershield,netai,5,4,4,4,5,5,4,4,5,5,5,4,4,5,5,5,4,5,5,5
R51,other,img1_10,Wellness Horizon,netai,5,4,5,5,5,5,4,4,4,5,5,5,4,4,5,5,5,5,5,5
R51,other,img1_11,Wellness Horizon,naive,5,4,4,4,5,5,4,4,4,5,5,4,4,4,5,5,4,4,4,5
R51,other,img1_12,Wellness Horizon,prompt_eng,5,4,4,4,5,5,4,4,4,5,4,4,4,5,5,5,4,4,5,5
R52,developer,img1_1,Eco Harvest,netai,5,3,4,3,4,5,3,4,3,4,5,3,3,4,4,5,5,3,3,3
R52,developer,img1_2,Eco Harvest,prompt_eng,4,3,3,4,4,5,3,3,3,5,5,5,4,4,5,5,5,5,5,5
R52,developer,img1_3,Eco Harvest,naive,5,5,5,4,4,4,4,5,4,4,3,3,3,4,5,5,4,4,5,4
R52,developer,img1_4,Quantum Logistics,prompt_eng,5,5,5,4,4,4,4,4,4,4,4,4,4,4,4,4,4,4,4,4
R52,developer,img1_5,Quantum Logistics,netai,5,5,5,5,5,5,5,5,5,5,5,5,5,5,5,5,5,5,5,5
R52,developer,img1_6,Quantum Logistics,naive,3,3,3,4,4,5,4,4,4,5,5,5,4,4,4,5,4,4,5,4
R52,developer,img1_7,Sentinel Cybershield,naive,5,4,4,5,4,5,4,4,5,4,4,5,4,4,5,5,4,4,5,4
R52,developer,img1_8,Sentinel Cybershield,prompt_eng,3,3,3,3,3,3,4,4,4,5,5,4,4,4,4,3,3,3,3,3
R52,developer,img1_9,Sentinel Cybershield,netai,5,4,4,3,4,5,5,4,4,3,4,4,4,4,4,4,4,4,4,4
R52,developer,img1_10,Wellness Horizon,netai,5,4,3,4,5,4,4,4,4,4,3,3,3,3,3,4,4,4,4,4
R52,developer,img1_11,Wellness Horizon,naive,5,5,5,5,5,3,3,3,3,3,5,4,4,5,4,4,4,4,4,4
R52,developer,img1_12,Wellness Horizon,prompt_eng,5,5,5,4,4,4,4,4,4,4,5,3,3,3,4,5,3,2,3,4
R53,other,img1_1,Eco Harvest,netai,5,4,5,4,4,3,4,4,5,4,5,4,5,5,5,5,4,5,5,4
R53,other,img1_2,Eco Harvest,prompt_eng,5,5,4,5,5,5,5,5,4,5,4,5,5,4,5,5,5,5,4,5
R53,other,img1_3,Eco Harvest,naive,5,4,5,5,5,4,5,5,5,4,4,5,4,5,5,5,5,5,4,5
R53,other,img1_4,Quantum Logistics,prompt_eng,4,5,5,5,4,4,5,5,5,4,4,5,5,5,5,5,4,4,5,5
R53,other,img1_5,Quantum Logistics,netai,5,5,4,5,5,4,4,5,5,5,4,5,5,4,5,5,5,4,5,5
R53,other,img1_6,Quantum Logistics,naive,4,4,5,5,5,5,4,4,4,5,5,5,5,4,4,5,5,5,5,4
R53,other,img1_7,Sentinel Cybershield,naive,5,5,4,5,5,4,4,5,5,5,5,5,5,5,5,5,4,5,5,5
R53,other,img1_8,Sentinel Cybershield,prompt_eng,5,4,5,5,5,5,4,5,5,5,5,5,5,5,4,5,4,4,4,5
R53,other,img1_9,Sentinel Cybershield,netai,5,5,5,5,5,5,5,5,5,5,5,5,5,5,5,5,5,5,5,5
R53,other,img1_12,Wellness Horizon,prompt_eng,5,5,4,4,5,5,4,4,4,5,5,4,5,4,5,5,5,5,5,5
R53,other,img1_11,Wellness Horizon,naive,5,5,5,5,5,5,5,5,4,5,5,5,5,4,5,5,4,5,5,5
R53,other,img1_10,Wellness Horizon,netai,5,4,5,5,4,5,5,4,5,5,5,5,5,5,5,5,5,5,4,4
R54,other,img1_1,Eco Harvest,netai,5,5,5,5,5,5,5,5,5,5,5,5,5,5,5,5,5,5,5,5
R54,other,img1_2,Eco Harvest,prompt_eng,5,5,5,5,5,5,5,5,5,5,5,5,5,5,5,5,5,5,5,5
R54,other,img1_3,Eco Harvest,naive,5,5,5,5,5,5,5,5,5,5,5,5,5,5,5,5,5,5,5,5
R54,other,img1_6,Quantum Logistics,naive,4,4,4,4,4,4,4,4,4,4,4,4,4,4,4,4,4,4,4,4
R54,other,img1_5,Quantum Logistics,netai,4,4,4,4,4,4,4,4,4,4,4,4,4,4,4,4,4,4,4,4
R54,other,img1_4,Quantum Logistics,prompt_eng,4,4,4,4,4,4,4,4,4,4,4,4,4,4,4,4,4,4,4,4
R54,other,img1_9,Sentinel Cybershield,netai,3,3,3,3,3,3,3,3,3,3,3,3,3,3,3,3,3,3,3,3
R54,other,img1_8,Sentinel Cybershield,prompt_eng,3,3,3,3,3,3,3,3,3,3,3,3,3,3,3,3,3,3,3,3
R54,other,img1_7,Sentinel Cybershield,naive,3,3,3,3,3,3,3,3,3,3,3,3,3,3,3,3,3,3,3,3
R54,other,img1_12,Wellness Horizon,prompt_eng,5,5,5,5,5,4,4,4,4,4,4,4,4,4,4,4,4,4,4,4
R54,other,img1_11,Wellness Horizon,naive,4,4,4,4,4,4,4,4,4,4,5,5,5,5,5,5,5,5,5,5
R54,other,img1_10,Wellness Horizon,netai,4,4,4,4,4,4,4,4,4,4,4,4,4,4,4,4,4,4,4,4
R55,designer,img1_1,Eco Harvest,netai,4,4,4,5,4,5,3,5,4,5,5,4,5,5,5,4,5,4,3,4
R55,designer,img1_2,Eco Harvest,prompt_eng,5,5,5,5,4,5,4,5,4,5,4,5,5,5,4,3,3,4,3,4
R55,designer,img1_3,Eco Harvest,naive,2,3,2,1,1,1,1,1,2,1,2,2,1,1,1,1,1,2,2,1
R55,designer,img1_4,Quantum Logistics,prompt_eng,5,5,4,3,4,5,4,3,4,3,3,4,3,4,3,3,4,4,4,5
R55,designer,img1_5,Quantum Logistics,netai,5,3,4,5,4,4,4,5,5,5,5,5,5,5,4,4,4,4,4,5
R55,designer,img1_6,Quantum Logistics,naive,4,5,5,2,2,3,4,4,3,3,1,2,3,4,2,3,3,4,3,4
R55,designer,img1_7,Sentinel Cybershield,naive,4,5,4,4,5,3,4,3,3,3,3,4,3,3,4,4,3,4,3,4
R55,designer,img1_8,Sentinel Cybershield,prompt_eng,3,4,3,3,1,3,3,2,3,2,2,3,3,3,1,2,3,3,2,3
R55,designer,img1_9,Sentinel Cybershield,netai,4,4,4,4,5,4,4,5,4,5,5,5,5,5,5,4,4,4,4,5
R55,designer,img1_10,Wellness Horizon,netai,5,5,5,5,5,5,4,5,5,5,5,5,5,5,5,4,5,5,4,4
R55,designer,img1_11,Wellness Horizon,naive,4,4,3,2,3,3,3,4,3,3,3,2,3,4,3,3,3,4,3,4
R55,designer,img1_12,Wellness Horizon,prompt_eng,3,5,3,3,3,4,3,4,4,4,4,4,4,4,3,4,4,3,3,4
R56,other,img1_1,Eco Harvest,netai,4,5,4,5,5,5,5,4,5,4,5,5,4,5,5,4,5,5,4,5
R56,other,img1_2,Eco Harvest,prompt_eng,4,4,5,4,5,3,4,4,5,5,4,4,5,4,5,5,4,5,5,4
R56,other,img1_3,Eco Harvest,naive,5,4,5,5,4,4,5,4,5,4,5,5,4,5,5,4,5,4,5,5
R56,other,img1_4,Quantum Logistics,prompt_eng,5,5,5,5,4,5,4,5,5,5,4,4,5,4,4,4,5,4,5,4
R56,other,img1_5,Quantum Logistics,netai,4,5,5,4,5,4,4,5,4,4,5,4,5,4,4,5,4,4,5,4
R56,other,img1_6,Quantum Logistics,naive,5,4,5,5,4,5,4,4,4,5,4,5,4,3,4,4,5,4,4,5
R56,other,img1_7,Sentinel Cybershield,naive,4,4,5,3,4,5,4,5,4,5,4,3,4,4,5,4,5,5,4,4
R56,other,img1_8,Sentinel Cybershield,prompt_eng,5,5,4,5,4,4,4,3,4,5,4,4,5,5,5,5,4,5,5,5
R56,other,img1_9,Sentinel Cybershield,netai,5,5,5,4,5,4,5,5,4,5,4,5,4,4,4,5,5,4,5,5
R56,other,img1_10,Wellness Horizon,netai,5,5,4,5,4,5,5,4,4,5,3,4,5,4,4,5,4,3,4,4
R56,other,img1_11,Wellness Horizon,naive,5,4,5,5,4,4,3,4,4,5,5,5,4,4,5,5,4,4,5,4
R56,other,img1_12,Wellness Horizon,prompt_eng,5,5,5,4,5,5,4,5,4,4,4,5,5,4,5,5,4,5,5,4
R57,other,img1_1,Eco Harvest,netai,5,5,5,5,5,5,5,5,5,5,5,5,5,5,5,5,5,5,5,5
R57,other,img1_2,Eco Harvest,prompt_eng,4,4,4,4,4,4,4,4,4,4,4,4,4,4,4,4,4,4,4,4
R57,other,img1_3,Eco Harvest,naive,4,4,4,4,4,4,4,4,4,4,4,4,4,4,4,4,4,4,4,4
R57,other,img1_4,Quantum Logistics,prompt_eng,4,4,4,4,4,5,3,5,3,2,5,4,5,3,5,4,5,3,4,5
R57,other,img1_5,Quantum Logistics,netai,5,5,5,5,5,5,5,5,5,5,5,5,5,5,5,5,5,5,5,5
R57,other,img1_6,Quantum Logistics,naive,5,4,3,3,5,4,5,5,4,5,5,2,4,3,5,5,2,3,5,4
R57,other,img1_7,Sentinel Cybershield,naive,4,3,5,3,5,3,5,3,5,4,4,4,5,4,5,4,4,5,4,5
R57,other,img1_8,Sentinel Cybershield,prompt_eng,4,4,5,4,5,4,5,4,5,4,4,5,3,5,3,4,4,3,4,5
R57,other,img1_9,Sentinel Cybershield,netai,5,4,5,3,5,3,3,5,5,2,5,5,3,5,4,5,5,4,4,4
R57,other,img1_10,Wellness Horizon,netai,4,4,5,3,3,4,3,3,5,4,5,3,5,4,5,5,3,5,3,5
R57,other,img1_11,Wellness Horizon,naive,3,4,5,3,5,3,2,3,4,3,3,3,2,4,5,2,3,4,3,5
R57,other,img1_12,Wellness Horizon,prompt_eng,5,5,3,5,3,5,2,2,2,5,5,4,5,5,5,4,4,3,3,5
R58,other,img1_1,Eco Harvest,netai,3,3,3,3,4,3,4,3,3,3,3,3,3,3,3,3,3,3,3,3
R58,other,img1_2,Eco Harvest,prompt_eng,4,4,4,4,4,4,4,4,4,4,4,4,4,4,3,3,3,3,3,3
R58,other,img1_3,Eco Harvest,naive,5,5,5,4,4,4,4,4,4,4,4,4,4,4,4,4,4,4,4,3
R58,other,img1_4,Quantum Logistics,prompt_eng,5,5,5,5,5,5,5,5,4,5,4,5,4,4,5,5,5,4,4,4
R58,other,img1_5,Quantum Logistics,netai,3,3,3,3,3,3,3,3,4,3,3,4,3,4,3,4,4,4,4,4
R58,other,img1_6,Quantum Logistics,naive,4,4,4,4,4,4,4,4,4,4,4,4,4,4,4,4,4,4,4,4
R58,other,img1_7,Sentinel Cybershield,naive,4,4,4,3,4,4,3,4,4,3,4,4,4,3,4,4,3,4,4,4
R58,other,img1_8,Sentinel Cybershield,prompt_eng,4,4,3,4,4,4,4,4,4,4,4,4,4,4,4,3,4,3,4,3
R58,other,img1_9,Sentinel Cybershield,netai,4,3,4,3,4,3,4,4,3,4,4,4,3,4,3,4,4,3,4,4
R58,other,img1_10,Wellness Horizon,netai,4,4,4,4,4,4,4,4,4,4,4,4,4,4,3,4,3,4,4,3
R58,other,img1_11,Wellness Horizon,naive,4,3,4,3,4,4,4,3,4,3,4,3,4,3,4,4,4,4,3,4
R58,other,img1_12,Wellness Horizon,prompt_eng,4,3,4,3,4,4,3,4,3,3,4,3,3,4,4,4,4,3,4,4
R59,other,img1_1,Eco Harvest,netai,5,4,5,4,5,5,5,4,5,5,4,4,5,4,5,4,5,4,4,4
R59,other,img1_2,Eco Harvest,prompt_eng,5,5,5,5,5,5,5,5,4,5,5,5,5,5,5,5,5,4,4,5
R59,other,img1_3,Eco Harvest,naive,5,5,4,5,5,5,5,5,5,5,4,5,5,5,5,5,5,4,5,5
R59,other,img1_4,Quantum Logistics,prompt_eng,5,5,5,5,5,5,5,5,5,5,5,5,5,5,5,5,5,4,5,5
R59,other,img1_5,Quantum Logistics,netai,5,5,5,5,5,5,5,5,5,5,5,5,5,5,5,5,5,5,4,5
R59,other,img1_6,Quantum Logistics,naive,4,5,5,4,3,4,4,4,4,5,5,4,5,5,5,5,4,5,5,5
R59,other,img1_7,Sentinel Cybershield,naive,5,5,4,5,5,4,4,5,4,5,4,5,5,4,5,5,4,5,5,4
R59,other,img1_8,Sentinel Cybershield,prompt_eng,5,5,5,5,5,5,4,5,4,5,5,4,5,5,5,5,4,5,4,5
R59,other,img1_9,Sentinel Cybershield,netai,5,4,5,5,5,5,5,4,5,5,4,5,5,5,5,5,4,5,5,5
R59,other,img1_10,Wellness Horizon,netai,4,4,5,5,5,4,4,4,5,4,5,4,5,5,3,5,4,5,4,4
R59,other,img1_11,Wellness Horizon,naive,5,5,5,4,5,5,4,4,5,5,4,5,4,5,5,5,4,5,4,4
R59,other,img1_12,Wellness Horizon,prompt_eng,3,4,3,2,5,4,4,4,4,4,3,3,5,5,3,5,3,4,4,3
R60,business,img1_1,Eco Harvest,netai,3,2,2,2,3,4,3,2,2,3,3,3,4,4,3,2,3,3,3,2
R60,business,img1_2,Eco Harvest,prompt_eng,3,2,3,2,3,4,3,3,3,2,3,3,4,4,4,4,3,3,3,3
R60,business,img1_3,Eco Harvest,naive,2,1,2,2,3,2,2,3,2,3,2,2,3,3,2,2,2,3,2,2
R60,business,img1_4,Quantum Logistics,prompt_eng,3,3,4,3,4,3,3,3,3,4,3,3,3,3,4,3,3,4,3,4
R60,business,img1_5,Quantum Logistics,netai,5,4,5,4,4,4,4,4,5,4,4,5,4,4,5,4,4,4,4,5
R60,business,img1_6,Quantum Logistics,naive,3,4,3,3,4,3,4,3,4,3,4,3,4,4,4,3,4,3,3,4
R60,business,img1_7,Sentinel Cybershield,naive,3,3,3,4,3,3,4,3,3,3,3,4,3,4,3,3,4,3,3,3
R60,business,img1_8,Sentinel Cybershield,prompt_eng,3,4,3,3,3,3,3,4,3,3,3,2,3,3,2,2,3,3,2,2
R60,business,img1_9,Sentinel Cybershield,netai,4,5,4,5,5,4,5,4,5,4,4,4,5,4,5,4,5,5,5,5
R60,business,img1_10,Wellness Horizon,netai,4,3,3,4,3,3,4,4,3,3,3,4,3,3,3,3,3,4,3,3
R60,business,img1_11,Wellness Horizon,naive,3,2,3,3,3,3,3,3,2,2,2,2,2,3,2,2,2,2,2,2
R60,business,img1_12,Wellness Horizon,prompt_eng,2,2,2,2,2,2,2,2,2,2,2,2,2,2,2,2,2,2,2,2
R61,other,img1_1,Eco Harvest,netai,2,3,5,4,5,5,4,3,4,4,4,4,5,5,5,4,5,4,3,4
R61,other,img1_2,Eco Harvest,prompt_eng,1,3,3,4,2,4,4,3,4,4,5,4,5,5,5,4,3,4,3,4
R61,other,img1_3,Eco Harvest,naive,1,2,1,2,1,4,3,3,4,4,5,4,5,5,4,4,2,3,3,4
R61,other,img1_4,Quantum Logistics,prompt_eng,5,5,5,5,5,5,5,5,5,5,5,5,5,5,5,4,5,4,3,4
R61,other,img1_5,Quantum Logistics,netai,4,4,5,3,3,5,5,4,4,4,5,3,5,5,5,4,4,4,2,4
R61,other,img1_6,Quantum Logistics,naive,2,1,2,2,1,2,3,2,3,3,4,3,5,5,3,3,1,3,2,3
R61,other,img1_7,Sentinel Cybershield,naive,4,3,2,4,3,3,4,3,2,2,3,3,5,5,3,4,3,2,3,4
R61,other,img1_8,Sentinel Cybershield,prompt_eng,3,2,4,3,3,3,4,3,2,4,3,4,5,5,3,4,3,4,2,4
R61,other,img1_9,Sentinel Cybershield,netai,4,2,4,3,4,3,4,2,4,4,4,3,3,4,3,3,4,3,2,4
R61,other,img1_10,Wellness Horizon,netai,3,4,2,4,3,4,5,3,5,3,4,3,5,5,5,3,4,3,4,2
R61,other,img1_11,Wellness Horizon,naive,2,3,3,3,2,4,2,3,4,2,4,3,4,3,4,4,3,2,1,3
R61,other,img1_12,Wellness Horizon,prompt_eng,2,3,2,3,3,2,2,3,4,3,4,3,5,5,4,4,3,3,2,2
R62,designer,img1_1,Eco Harvest,netai,5,5,4,5,5,4,5,3,4,5,5,5,5,5,5,5,4,4,3,3
R62,designer,img1_2,Eco Harvest,prompt_eng,5,5,3,5,4,4,5,4,4,5,5,5,5,5,5,4,5,4,4,3
R62,designer,img1_3,Eco Harvest,naive,5,5,3,4,5,4,5,4,3,5,5,5,5,5,5,5,4,3,4,3
R62,designer,img1_4,Quantum Logistics,prompt_eng,5,5,4,5,5,5,4,3,4,5,5,5,5,5,5,5,4,5,4,3
R62,designer,img1_5,Quantum Logistics,netai,5,5,4,5,5,5,4,3,4,5,5,5,5,5,5,5,4,4,4,5
R62,designer,img1_6,Quantum Logistics,naive,5,5,4,5,5,5,4,3,4,5,5,5,5,5,5,4,3,3,3,3
R62,designer,img1_7,Sentinel Cybershield,naive,5,4,4,5,5,5,4,3,4,5,5,5,5,5,5,4,4,3,3,4
R62,designer,img1_8,Sentinel Cybershield,prompt_eng,5,5,3,4,5,5,4,3,4,5,5,5,5,5,5,5,3,4,3,3
R62,designer,img1_9,Sentinel Cybershield,netai,5,5,4,5,5,5,4,3,4,5,5,5,5,5,5,5,4,5,4,4
R62,designer,img1_10,Wellness Horizon,netai,5,5,4,5,5,5,4,3,4,5,5,5,5,5,5,5,3,4,3,4
R62,designer,img1_11,Wellness Horizon,naive,5,5,4,5,5,5,3,3,4,5,5,5,5,5,5,4,3,3,3,3
R62,designer,img1_12,Wellness Horizon,prompt_eng,5,5,4,5,5,5,4,3,4,5,5,5,5,5,5,3,3,3,3,3
R63,designer,img1_1,Eco Harvest,netai,5,4,4,5,5,4,4,4,4,4,3,4,4,4,4,3,4,3,4,4
R63,designer,img1_2,Eco Harvest,prompt_eng,5,3,4,4,4,4,4,4,4,4,3,4,3,4,4,5,5,4,4,4
R63,designer,img1_3,Eco Harvest,naive,5,5,5,5,5,4,4,4,4,5,4,4,5,5,4,4,4,5,4,5
R63,designer,img1_6,Quantum Logistics,naive,5,4,5,4,4,4,4,4,5,4,4,4,4,4,5,4,5,4,4,5
R63,designer,img1_5,Quantum Logistics,netai,4,5,3,4,4,3,3,4,4,3,3,3,4,4,3,3,4,3,3,4
R63,designer,img1_4,Quantum Logistics,prompt_eng,4,5,5,5,5,4,4,3,4,5,3,4,4,4,4,3,4,4,4,5
R63,designer,img1_7,Sentinel Cybershield,naive,5,5,5,5,5,4,5,4,5,5,4,4,5,4,5,3,4,4,4,4
R63,designer,img1_8,Sentinel Cybershield,prompt_eng,5,5,5,4,5,5,5,4,4,5,4,3,4,5,4,4,4,5,5,4
R63,designer,img1_9,Sentinel Cybershield,netai,4,5,5,5,4,4,4,4,4,4,3,3,4,5,4,4,3,4,4,5
R63,designer,img1_12,Wellness Horizon,prompt_eng,3,4,4,4,4,4,3,3,4,3,3,4,3,4,3,4,4,3,5,4
R63,designer,img1_10,Wellness Horizon,netai,5,5,5,5,5,5,5,4,5,4,3,4,4,5,4,4,3,4,3,4
R63,designer,img1_11,Wellness Horizon,naive,5,5,5,5,5,4,4,4,3,4,3,4,4,3,4,3,4,4,3,4
R64,designer,img1_1,Eco Harvest,netai,2,4,2,4,4,4,4,3,3,3,4,4,3,5,3,3,4,5,5,4
R64,designer,img1_2,Eco Harvest,prompt_eng,4,3,3,4,4,4,4,5,5,3,4,3,2,2,3,3,3,5,5,3
R64,designer,img1_3,Eco Harvest,naive,3,5,3,4,5,4,3,2,4,4,4,3,4,5,4,4,3,4,3,4
R64,designer,img1_4,Quantum Logistics,prompt_eng,4,4,4,4,5,5,4,4,5,5,4,3,4,3,4,4,5,5,5,5
R64,designer,img1_5,Quantum Logistics,netai,5,4,3,4,5,5,4,4,4,5,5,5,4,3,3,5,5,5,3,3
R64,designer,img1_6,Quantum Logistics,naive,5,4,3,2,2,5,5,5,4,4,3,3,2,2,3,3,3,2,3,2
R64,designer,img1_7,Sentinel Cybershield,naive,5,4,3,2,4,5,3,4,3,4,4,5,5,4,4,4,3,4,4,3
R64,designer,img1_8,Sentinel Cybershield,prompt_eng,5,4,3,4,5,3,4,4,5,3,5,4,3,4,5,5,4,4,4,4
R64,designer,img1_9,Sentinel Cybershield,netai,5,3,3,3,4,5,5,5,5,5,5,4,4,4,5,5,4,4,5,5
R64,designer,img1_10,Wellness Horizon,netai,5,4,5,4,5,5,4,5,5,5,4,3,3,3,3,3,2,4,3,3
R64,designer,img1_11,Wellness Horizon,naive,4,4,4,4,4,5,5,4,2,2,4,3,4,3,4,4,3,4,4,3
R64,designer,img1_12,Wellness Horizon,prompt_eng,5,5,4,4,4,5,4,4,4,4,4,3,4,3,4,5,4,4,5,5
R65,project_manager,img1_1,Eco Harvest,netai,3,4,5,5,5,3,4,4,4,4,4,4,3,5,5,4,4,3,4,4
R65,project_manager,img1_2,Eco Harvest,prompt_eng,4,5,5,5,5,4,4,4,4,4,4,4,4,4,4,3,4,3,3,2
R65,project_manager,img1_3,Eco Harvest,naive,3,3,1,1,3,3,3,2,2,2,2,2,2,2,2,2,1,2,1,1
R65,project_manager,img1_4,Quantum Logistics,prompt_eng,4,5,4,4,4,3,3,4,3,4,4,4,4,5,3,4,3,3,3,3
R65,project_manager,img1_5,Quantum Logistics,netai,2,2,3,2,3,3,3,2,2,3,4,3,3,3,3,3,3,3,3,3
R65,project_manager,img1_6,Quantum Logistics,naive,2,2,1,1,1,3,2,3,3,2,3,3,3,5,2,2,2,2,2,1
R65,project_manager,img1_7,Sentinel Cybershield,naive,4,4,4,4,5,5,5,5,5,5,4,5,3,4,5,4,4,4,4,4
R65,project_manager,img1_8,Sentinel Cybershield,prompt_eng,2,2,2,2,2,3,2,2,2,2,2,2,2,4,3,3,3,3,1,1
R65,project_manager,img1_9,Sentinel Cybershield,netai,3,3,4,4,5,4,4,4,4,4,4,4,3,4,4,4,4,4,3,2
R65,project_manager,img1_10,Wellness Horizon,netai,5,5,5,4,4,4,4,3,3,3,4,4,3,4,5,4,4,3,3,3
R65,project_manager,img1_11,Wellness Horizon,naive,4,4,2,2,2,4,3,4,3,4,3,3,3,4,3,3,2,3,2,2
R65,project_manager,img1_12,Wellness Horizon,prompt_eng,4,2,1,1,1,2,2,3,3,3,3,2,3,4,1,1,1,1,1,1
